-- phpMyAdmin SQL Dump
-- version 4.6.6
-- https://www.phpmyadmin.net/
--
-- Host: localhost:3306
-- Generation Time: Apr 17, 2017 at 07:46 PM
-- Server version: 10.0.28-MariaDB
-- PHP Version: 7.0.17

SET SQL_MODE = "NO_AUTO_VALUE_ON_ZERO";
SET time_zone = "+00:00";


/*!40101 SET @OLD_CHARACTER_SET_CLIENT=@@CHARACTER_SET_CLIENT */;
/*!40101 SET @OLD_CHARACTER_SET_RESULTS=@@CHARACTER_SET_RESULTS */;
/*!40101 SET @OLD_COLLATION_CONNECTION=@@COLLATION_CONNECTION */;
/*!40101 SET NAMES utf8mb4 */;

--
-- Database: `u256251831_ssd`
--

-- --------------------------------------------------------

--
-- Table structure for table `st_ci_sessions`
--

CREATE TABLE `st_ci_sessions` (
  `id` varchar(40) COLLATE utf8_unicode_ci NOT NULL,
  `ip_address` varchar(45) COLLATE utf8_unicode_ci NOT NULL,
  `timestamp` int(10) UNSIGNED NOT NULL DEFAULT '0',
  `data` blob NOT NULL
) ENGINE=InnoDB DEFAULT CHARSET=utf8 COLLATE=utf8_unicode_ci;

--
-- Dumping data for table `st_ci_sessions`
--

INSERT INTO `st_ci_sessions` (`id`, `ip_address`, `timestamp`, `data`) VALUES
('01e5823965d5b0c36ab9169cc19ae40c141615be', '14.207.82.137', 1490102341, 0x5f5f63695f6c6173745f726567656e65726174657c693a313439303130323334313b6c6f67696e5f69647c733a313a2231223b757365726e616d657c733a353a2261646d696e223b66697273746e616d657c733a31333a224e6f6572746862616e6b6b6f6b223b6c6173746e616d657c733a31303a22556e6976657273697479223b696d677c733a31373a22353639323365653139346439302e6a7067223b757365725f747970657c733a343a22726f6f74223b),
('033ae6d070b958041980c28cc40e5d5db1ab333e', '180.183.136.15', 1490655943, 0x5f5f63695f6c6173745f726567656e65726174657c693a313439303635353934333b6c6f67696e5f69647c733a313a2231223b757365726e616d657c733a353a2261646d696e223b66697273746e616d657c733a31333a224e6f6572746862616e6b6b6f6b223b6c6173746e616d657c733a31303a22556e6976657273697479223b696d677c733a31373a22353639323365653139346439302e6a7067223b757365725f747970657c733a343a22726f6f74223b),
('0528838cca37ac2bc4c9f8be201aa0d3b531e79a', '180.183.141.153', 1489851247, 0x5f5f63695f6c6173745f726567656e65726174657c693a313438393835313234373b6c6f67696e5f69647c733a313a2231223b757365726e616d657c733a353a2261646d696e223b66697273746e616d657c733a31333a224e6f6572746862616e6b6b6f6b223b6c6173746e616d657c733a31303a22556e6976657273697479223b696d677c733a31373a22353639323365653139346439302e6a7067223b757365725f747970657c733a343a22726f6f74223b),
('058c6be1e10f5010daec9d2ff2696bd7345e846d', '180.183.136.15', 1490657526, 0x5f5f63695f6c6173745f726567656e65726174657c693a313439303635373532363b6c6f67696e5f69647c733a313a2231223b757365726e616d657c733a353a2261646d696e223b66697273746e616d657c733a31333a224e6f6572746862616e6b6b6f6b223b6c6173746e616d657c733a31303a22556e6976657273697479223b696d677c733a31373a22353639323365653139346439302e6a7067223b757365725f747970657c733a343a22726f6f74223b5f5f63695f766172737c613a303a7b7d),
('05fd752e5c9cc56046d271d1268ea6165f66165e', '66.220.145.245', 1489839728, 0x5f5f63695f6c6173745f726567656e65726174657c693a313438393833393732373b),
('073800a81d591bcf7af9b9d366d315a3d201fd6b', '66.102.6.10', 1490077536, 0x5f5f63695f6c6173745f726567656e65726174657c693a313439303037373533363b),
('07a89d80472339d9387008ecf9b966e840cf30b6', '58.181.193.10', 1490091135, 0x5f5f63695f6c6173745f726567656e65726174657c693a313439303039313133353b6c6f67696e5f69647c733a313a2231223b757365726e616d657c733a353a2261646d696e223b66697273746e616d657c733a31333a224e6f6572746862616e6b6b6f6b223b6c6173746e616d657c733a31303a22556e6976657273697479223b696d677c733a31373a22353639323365653139346439302e6a7067223b757365725f747970657c733a343a22726f6f74223b),
('090ed65cd91d1dfb12ab0b1863f58da4f10a24ab', '180.183.141.153', 1489846256, 0x5f5f63695f6c6173745f726567656e65726174657c693a313438393834363235363b6c6f67696e5f69647c733a313a2231223b757365726e616d657c733a353a2261646d696e223b66697273746e616d657c733a31333a224e6f6572746862616e6b6b6f6b223b6c6173746e616d657c733a31303a22556e6976657273697479223b696d677c733a31373a22353639323365653139346439302e6a7067223b757365725f747970657c733a343a22726f6f74223b6d7367696e666f7c733a3233353a223c64697620636c6173733d22706164206d617267696e206e6f2d7072696e74223e3c646976207374796c653d226d617267696e2d626f74746f6d3a203021696d706f7274616e743b2220636c6173733d2263616c6c6f75742063616c6c6f75742d696e666f223e3c68343e3c6920636c6173733d2266612066612d696e666f223e3c2f693e20e0b882e0b989e0b8ade0b884e0b8a7e0b8b2e0b8a1e0b888e0b8b2e0b881e0b8a3e0b8b0e0b89ae0b89a3c2f68343ee0b897e0b8b3e0b8a3e0b8b2e0b8a2e0b881e0b8b2e0b8a3e0b8aae0b8b3e0b980e0b8a3e0b987e0b8883c2f6469763e3c2f6469763e223b5f5f63695f766172737c613a313a7b733a373a226d7367696e666f223b733a333a226f6c64223b7d),
('0c709e54f4e7d37e087ebead5317af995f21246c', '180.183.124.193', 1491153260, 0x5f5f63695f6c6173745f726567656e65726174657c693a313439313135333130373b),
('0d6d18c3a72bd3a8a4accafd9cc507db8b3a0348', '180.183.141.153', 1489852074, 0x5f5f63695f6c6173745f726567656e65726174657c693a313438393835323037343b6c6f67696e5f69647c733a323a223435223b757365726e616d657c733a383a22616e75736f6e6464223b66697273746e616d657c733a363a22616e75736f6e223b6c6173746e616d657c733a353a226475616e67223b696d677c733a31373a22353639323365653139346439302e6a7067223b757365725f747970657c733a343a22726f6f74223b),
('10fbda6c80a6680c9432546d9479b7d92b74f203', '14.207.82.137', 1490205360, 0x5f5f63695f6c6173745f726567656e65726174657c693a313439303230353336303b6c6f67696e5f69647c733a313a2231223b757365726e616d657c733a353a2261646d696e223b66697273746e616d657c733a31333a224e6f6572746862616e6b6b6f6b223b6c6173746e616d657c733a31303a22556e6976657273697479223b696d677c733a31373a22353639323365653139346439302e6a7067223b757365725f747970657c733a343a22726f6f74223b),
('11ac991a5610d9bd3196b40e1e08b5f740563395', '180.183.136.15', 1490647807, 0x5f5f63695f6c6173745f726567656e65726174657c693a313439303634373830373b6c6f67696e5f69647c733a313a2231223b757365726e616d657c733a353a2261646d696e223b66697273746e616d657c733a31333a224e6f6572746862616e6b6b6f6b223b6c6173746e616d657c733a31303a22556e6976657273697479223b696d677c733a31373a22353639323365653139346439302e6a7067223b757365725f747970657c733a343a22726f6f74223b),
('128226823c8509b7e34de7e4f88ea042b50d8dbb', '66.102.6.86', 1491128803, 0x5f5f63695f6c6173745f726567656e65726174657c693a313439313132383830333b),
('12c6b55a198f797b5aab22929d1e2477ef8dba38', '180.183.141.153', 1489678511, 0x5f5f63695f6c6173745f726567656e65726174657c693a313438393637383239373b6c6f67696e5f69647c733a313a2231223b757365726e616d657c733a353a2261646d696e223b66697273746e616d657c733a31333a224e6f6572746862616e6b6b6f6b223b6c6173746e616d657c733a31303a22556e6976657273697479223b696d677c733a31373a22353639323365653139346439302e6a7067223b757365725f747970657c733a343a22726f6f74223b),
('170073b04937733847f364eca2a2375daa4a4772', '58.181.193.10', 1490088913, 0x5f5f63695f6c6173745f726567656e65726174657c693a313439303038383931333b6c6f67696e5f69647c733a313a2231223b757365726e616d657c733a353a2261646d696e223b66697273746e616d657c733a31333a224e6f6572746862616e6b6b6f6b223b6c6173746e616d657c733a31303a22556e6976657273697479223b696d677c733a31373a22353639323365653139346439302e6a7067223b757365725f747970657c733a343a22726f6f74223b),
('17a29945f1eec9a6489a6ad8469f4f3bf6ea62a7', '180.183.136.15', 1490648808, 0x5f5f63695f6c6173745f726567656e65726174657c693a313439303634383830383b6c6f67696e5f69647c733a313a2231223b757365726e616d657c733a353a2261646d696e223b66697273746e616d657c733a31333a224e6f6572746862616e6b6b6f6b223b6c6173746e616d657c733a31303a22556e6976657273697479223b696d677c733a31373a22353639323365653139346439302e6a7067223b757365725f747970657c733a343a22726f6f74223b),
('180c973bb64401d08683441724531876056b7af5', '203.144.136.6', 1492415411, 0x5f5f63695f6c6173745f726567656e65726174657c693a313439323431353239333b),
('1aa7a08f274572845c66172ec68673072f5b36f6', '58.181.193.10', 1489903151, 0x5f5f63695f6c6173745f726567656e65726174657c693a313438393930333135313b6c6f67696e5f69647c733a313a2231223b757365726e616d657c733a353a2261646d696e223b66697273746e616d657c733a31333a224e6f6572746862616e6b6b6f6b223b6c6173746e616d657c733a31303a22556e6976657273697479223b696d677c733a31373a22353639323365653139346439302e6a7067223b757365725f747970657c733a343a22726f6f74223b),
('1b6f76924695525d7df9443eac1e19c43e2abb5c', '66.102.6.88', 1491457001, 0x5f5f63695f6c6173745f726567656e65726174657c693a313439313435373030313b),
('1bd1d5e7a490d9b144b8e86cb50943154ce390e8', '180.183.141.153', 1489847016, 0x5f5f63695f6c6173745f726567656e65726174657c693a313438393834373031363b6c6f67696e5f69647c733a313a2231223b757365726e616d657c733a353a2261646d696e223b66697273746e616d657c733a31333a224e6f6572746862616e6b6b6f6b223b6c6173746e616d657c733a31303a22556e6976657273697479223b696d677c733a31373a22353639323365653139346439302e6a7067223b757365725f747970657c733a343a22726f6f74223b),
('1f42fed86bdc07991caa64532793f81e85f60efa', '66.102.6.150', 1490545370, 0x5f5f63695f6c6173745f726567656e65726174657c693a313439303534353337303b),
('214d9a6f99a0e05402a9d89056f14a8ede9e9d50', '223.24.80.213', 1490648362, 0x5f5f63695f6c6173745f726567656e65726174657c693a313439303634383331333b6c6f67696e5f69647c733a313a2231223b757365726e616d657c733a353a2261646d696e223b66697273746e616d657c733a31333a224e6f6572746862616e6b6b6f6b223b6c6173746e616d657c733a31303a22556e6976657273697479223b696d677c733a31373a22353639323365653139346439302e6a7067223b757365725f747970657c733a343a22726f6f74223b),
('215676249348ea0d42b413485db52b0feab6e04d', '14.207.82.137', 1490476563, 0x5f5f63695f6c6173745f726567656e65726174657c693a313439303437363536333b6c6f67696e5f69647c733a313a2231223b757365726e616d657c733a353a2261646d696e223b66697273746e616d657c733a31333a224e6f6572746862616e6b6b6f6b223b6c6173746e616d657c733a31303a22556e6976657273697479223b696d677c733a31373a22353639323365653139346439302e6a7067223b757365725f747970657c733a343a22726f6f74223b6d7367696e666f7c733a3233353a223c64697620636c6173733d22706164206d617267696e206e6f2d7072696e74223e3c646976207374796c653d226d617267696e2d626f74746f6d3a203021696d706f7274616e743b2220636c6173733d2263616c6c6f75742063616c6c6f75742d696e666f223e3c68343e3c6920636c6173733d2266612066612d696e666f223e3c2f693e20e0b882e0b989e0b8ade0b884e0b8a7e0b8b2e0b8a1e0b888e0b8b2e0b881e0b8a3e0b8b0e0b89ae0b89a3c2f68343ee0b897e0b8b3e0b8a3e0b8b2e0b8a2e0b881e0b8b2e0b8a3e0b8aae0b8b3e0b980e0b8a3e0b987e0b8883c2f6469763e3c2f6469763e223b5f5f63695f766172737c613a313a7b733a373a226d7367696e666f223b733a333a226f6c64223b7d),
('2354e5f4be596368f32054eba3be01e96c39135a', '180.183.141.153', 1489848251, 0x5f5f63695f6c6173745f726567656e65726174657c693a313438393834383235313b6c6f67696e5f69647c733a313a2231223b757365726e616d657c733a353a2261646d696e223b66697273746e616d657c733a31333a224e6f6572746862616e6b6b6f6b223b6c6173746e616d657c733a31303a22556e6976657273697479223b696d677c733a31373a22353639323365653139346439302e6a7067223b757365725f747970657c733a343a22726f6f74223b),
('2571464667002007bb24d429b563262dfd8b1b13', '180.183.136.15', 1490647114, 0x5f5f63695f6c6173745f726567656e65726174657c693a313439303634373131343b6c6f67696e5f69647c733a313a2231223b757365726e616d657c733a353a2261646d696e223b66697273746e616d657c733a31333a224e6f6572746862616e6b6b6f6b223b6c6173746e616d657c733a31303a22556e6976657273697479223b696d677c733a31373a22353639323365653139346439302e6a7067223b757365725f747970657c733a343a22726f6f74223b),
('289d458b593fca93ee748d835681fd3a31f972f7', '14.207.82.137', 1490474567, 0x5f5f63695f6c6173745f726567656e65726174657c693a313439303437343536373b6c6f67696e5f69647c733a313a2231223b757365726e616d657c733a353a2261646d696e223b66697273746e616d657c733a31333a224e6f6572746862616e6b6b6f6b223b6c6173746e616d657c733a31303a22556e6976657273697479223b696d677c733a31373a22353639323365653139346439302e6a7067223b757365725f747970657c733a343a22726f6f74223b),
('28e3c32c6d6228cc1760410e02e23064ac725a6a', '66.102.6.88', 1491943768, 0x5f5f63695f6c6173745f726567656e65726174657c693a313439313934333736383b),
('29ad963cf9428d84b3b29ac7b4327c1e3b76a921', '58.181.193.10', 1490163814, 0x5f5f63695f6c6173745f726567656e65726174657c693a313439303136333831343b6c6f67696e5f69647c733a313a2231223b757365726e616d657c733a353a2261646d696e223b66697273746e616d657c733a31333a224e6f6572746862616e6b6b6f6b223b6c6173746e616d657c733a31303a22556e6976657273697479223b696d677c733a31373a22353639323365653139346439302e6a7067223b757365725f747970657c733a343a22726f6f74223b),
('2a1a3549a651834951ed37373fb5994ca5f795bd', '180.183.141.153', 1489845703, 0x5f5f63695f6c6173745f726567656e65726174657c693a313438393834353730333b6c6f67696e5f69647c733a313a2231223b757365726e616d657c733a353a2261646d696e223b66697273746e616d657c733a31333a224e6f6572746862616e6b6b6f6b223b6c6173746e616d657c733a31303a22556e6976657273697479223b696d677c733a31373a22353639323365653139346439302e6a7067223b757365725f747970657c733a343a22726f6f74223b6d7367696e666f7c733a3233353a223c64697620636c6173733d22706164206d617267696e206e6f2d7072696e74223e3c646976207374796c653d226d617267696e2d626f74746f6d3a203021696d706f7274616e743b2220636c6173733d2263616c6c6f75742063616c6c6f75742d696e666f223e3c68343e3c6920636c6173733d2266612066612d696e666f223e3c2f693e20e0b882e0b989e0b8ade0b884e0b8a7e0b8b2e0b8a1e0b888e0b8b2e0b881e0b8a3e0b8b0e0b89ae0b89a3c2f68343ee0b897e0b8b3e0b8a3e0b8b2e0b8a2e0b881e0b8b2e0b8a3e0b8aae0b8b3e0b980e0b8a3e0b987e0b8883c2f6469763e3c2f6469763e223b5f5f63695f766172737c613a313a7b733a373a226d7367696e666f223b733a333a226f6c64223b7d),
('2b4a37a98a7988ab9d6a239d67df2445fa09c70b', '14.207.82.137', 1490479245, 0x5f5f63695f6c6173745f726567656e65726174657c693a313439303437393234353b6c6f67696e5f69647c733a313a2231223b757365726e616d657c733a353a2261646d696e223b66697273746e616d657c733a31333a224e6f6572746862616e6b6b6f6b223b6c6173746e616d657c733a31303a22556e6976657273697479223b696d677c733a31373a22353639323365653139346439302e6a7067223b757365725f747970657c733a343a22726f6f74223b6d7367696e666f7c733a3233353a223c64697620636c6173733d22706164206d617267696e206e6f2d7072696e74223e3c646976207374796c653d226d617267696e2d626f74746f6d3a203021696d706f7274616e743b2220636c6173733d2263616c6c6f75742063616c6c6f75742d696e666f223e3c68343e3c6920636c6173733d2266612066612d696e666f223e3c2f693e20e0b882e0b989e0b8ade0b884e0b8a7e0b8b2e0b8a1e0b888e0b8b2e0b881e0b8a3e0b8b0e0b89ae0b89a3c2f68343ee0b897e0b8b3e0b8a3e0b8b2e0b8a2e0b881e0b8b2e0b8a3e0b8aae0b8b3e0b980e0b8a3e0b987e0b8883c2f6469763e3c2f6469763e223b5f5f63695f766172737c613a313a7b733a373a226d7367696e666f223b733a333a226f6c64223b7d),
('2c3b0cf6810934546aedcc7b84fcda78177e1134', '180.183.141.153', 1489847947, 0x5f5f63695f6c6173745f726567656e65726174657c693a313438393834373934373b6c6f67696e5f69647c733a313a2231223b757365726e616d657c733a353a2261646d696e223b66697273746e616d657c733a31333a224e6f6572746862616e6b6b6f6b223b6c6173746e616d657c733a31303a22556e6976657273697479223b696d677c733a31373a22353639323365653139346439302e6a7067223b757365725f747970657c733a343a22726f6f74223b),
('2d18bd7e3297027389b2002e5be7b6a273c6353e', '180.183.141.153', 1489847341, 0x5f5f63695f6c6173745f726567656e65726174657c693a313438393834373334313b6c6f67696e5f69647c733a313a2231223b757365726e616d657c733a353a2261646d696e223b66697273746e616d657c733a31333a224e6f6572746862616e6b6b6f6b223b6c6173746e616d657c733a31303a22556e6976657273697479223b696d677c733a31373a22353639323365653139346439302e6a7067223b757365725f747970657c733a343a22726f6f74223b),
('2d3feebc39502cf2bf744858b309b961c60609c7', '14.207.82.137', 1490206176, 0x5f5f63695f6c6173745f726567656e65726174657c693a313439303230363137363b6c6f67696e5f69647c733a313a2231223b757365726e616d657c733a353a2261646d696e223b66697273746e616d657c733a31333a224e6f6572746862616e6b6b6f6b223b6c6173746e616d657c733a31303a22556e6976657273697479223b696d677c733a31373a22353639323365653139346439302e6a7067223b757365725f747970657c733a343a22726f6f74223b),
('2e36af239a05a14fbcd670ec5b72495cee1cec78', '66.102.6.88', 1491817598, 0x5f5f63695f6c6173745f726567656e65726174657c693a313439313831373539383b),
('2ed435eab468a5c3b1b4b77795799486d2cfe048', '14.207.82.137', 1490477577, 0x5f5f63695f6c6173745f726567656e65726174657c693a313439303437373537373b6c6f67696e5f69647c733a313a2231223b757365726e616d657c733a353a2261646d696e223b66697273746e616d657c733a31333a224e6f6572746862616e6b6b6f6b223b6c6173746e616d657c733a31303a22556e6976657273697479223b696d677c733a31373a22353639323365653139346439302e6a7067223b757365725f747970657c733a343a22726f6f74223b),
('336a5bfb74ff8df504291483216f2889ce51eb8e', '180.183.141.153', 1489854505, 0x5f5f63695f6c6173745f726567656e65726174657c693a313438393835343530353b6c6f67696e5f69647c733a313a2231223b757365726e616d657c733a353a2261646d696e223b66697273746e616d657c733a31333a224e6f6572746862616e6b6b6f6b223b6c6173746e616d657c733a31303a22556e6976657273697479223b696d677c733a31373a22353639323365653139346439302e6a7067223b757365725f747970657c733a343a22726f6f74223b),
('35b54f0365a31eb962ef519e36897f477853e8f8', '180.183.136.15', 1490653824, 0x5f5f63695f6c6173745f726567656e65726174657c693a313439303635333832343b6c6f67696e5f69647c733a313a2231223b757365726e616d657c733a353a2261646d696e223b66697273746e616d657c733a31333a224e6f6572746862616e6b6b6f6b223b6c6173746e616d657c733a31303a22556e6976657273697479223b696d677c733a31373a22353639323365653139346439302e6a7067223b757365725f747970657c733a343a22726f6f74223b),
('36d8697819215d17c55a268b9fe1347f034722ca', '180.183.141.153', 1489850352, 0x5f5f63695f6c6173745f726567656e65726174657c693a313438393835303335323b6c6f67696e5f69647c733a323a223435223b757365726e616d657c733a383a22616e75736f6e6464223b66697273746e616d657c733a363a22616e75736f6e223b6c6173746e616d657c733a353a226475616e67223b696d677c733a31373a22353639323365653139346439302e6a7067223b757365725f747970657c733a343a22726f6f74223b),
('3843710e56521f94495e80fba25a745b70bcfd48', '66.102.6.6', 1491871317, 0x5f5f63695f6c6173745f726567656e65726174657c693a313439313837313331373b),
('398baae7185b11c80974393c28354c112e63dfec', '66.102.6.152', 1491359349, 0x5f5f63695f6c6173745f726567656e65726174657c693a313439313335393334393b),
('3c1355446e33c227b4e7c3e9dceef7a37ee04f29', '180.183.136.15', 1490644642, 0x5f5f63695f6c6173745f726567656e65726174657c693a313439303634343634323b6c6f67696e5f69647c733a313a2231223b757365726e616d657c733a353a2261646d696e223b66697273746e616d657c733a31333a224e6f6572746862616e6b6b6f6b223b6c6173746e616d657c733a31303a22556e6976657273697479223b696d677c733a31373a22353639323365653139346439302e6a7067223b757365725f747970657c733a343a22726f6f74223b),
('3cae1e0efa5be6a0b707fb8e016e0dfef54af1b4', '14.207.82.137', 1490206498, 0x5f5f63695f6c6173745f726567656e65726174657c693a313439303230363439383b6c6f67696e5f69647c733a313a2231223b757365726e616d657c733a353a2261646d696e223b66697273746e616d657c733a31333a224e6f6572746862616e6b6b6f6b223b6c6173746e616d657c733a31303a22556e6976657273697479223b696d677c733a31373a22353639323365653139346439302e6a7067223b757365725f747970657c733a343a22726f6f74223b),
('3cdd17bcef58ded43c226b987613700c683e06b5', '66.102.6.150', 1492105303, 0x5f5f63695f6c6173745f726567656e65726174657c693a313439323130353330333b),
('42628351920e515ffe0fb90fae9ac46c0e6d23f2', '58.181.193.10', 1489893768, 0x5f5f63695f6c6173745f726567656e65726174657c693a313438393839333736383b6c6f67696e5f69647c733a313a2231223b757365726e616d657c733a353a2261646d696e223b66697273746e616d657c733a31333a224e6f6572746862616e6b6b6f6b223b6c6173746e616d657c733a31303a22556e6976657273697479223b696d677c733a31373a22353639323365653139346439302e6a7067223b757365725f747970657c733a343a22726f6f74223b),
('44980233f34ab3af6ec76cae5a07b545c24c30ea', '66.102.6.152', 1489922872, 0x5f5f63695f6c6173745f726567656e65726174657c693a313438393932323837323b),
('4581d48daf49ee4e0273bc8b902c14785f32d393', '58.181.193.10', 1490943859, 0x5f5f63695f6c6173745f726567656e65726174657c693a313439303934333835303b6c6f67696e5f69647c733a313a2231223b757365726e616d657c733a353a2261646d696e223b66697273746e616d657c733a31333a224e6f6572746862616e6b6b6f6b223b6c6173746e616d657c733a31303a22556e6976657273697479223b696d677c733a31373a22353639323365653139346439302e6a7067223b757365725f747970657c733a343a22726f6f74223b),
('46e92aabb209297d9d9da9737424345c63de69f0', '58.181.193.10', 1490683997, 0x5f5f63695f6c6173745f726567656e65726174657c693a313439303638333939373b6c6f67696e5f69647c733a313a2231223b757365726e616d657c733a353a2261646d696e223b66697273746e616d657c733a31333a224e6f6572746862616e6b6b6f6b223b6c6173746e616d657c733a31303a22556e6976657273697479223b696d677c733a31373a22353639323365653139346439302e6a7067223b757365725f747970657c733a343a22726f6f74223b5f5f63695f766172737c613a303a7b7d),
('4705253a4e0bc1a1c533f1eb6809778e301bbb5f', '180.183.136.15', 1490642111, 0x5f5f63695f6c6173745f726567656e65726174657c693a313439303634323131313b6c6f67696e5f69647c733a313a2231223b757365726e616d657c733a353a2261646d696e223b66697273746e616d657c733a31333a224e6f6572746862616e6b6b6f6b223b6c6173746e616d657c733a31303a22556e6976657273697479223b696d677c733a31373a22353639323365653139346439302e6a7067223b757365725f747970657c733a343a22726f6f74223b),
('473360b1e352be0c6eb32cef7305fc06457f99a2', '66.102.6.152', 1490370397, 0x5f5f63695f6c6173745f726567656e65726174657c693a313439303337303339373b),
('49a3184a4de36b560f49aa90b062349c66dd55ec', '58.181.193.10', 1490088362, 0x5f5f63695f6c6173745f726567656e65726174657c693a313439303038383336323b6c6f67696e5f69647c733a313a2231223b757365726e616d657c733a353a2261646d696e223b66697273746e616d657c733a31333a224e6f6572746862616e6b6b6f6b223b6c6173746e616d657c733a31303a22556e6976657273697479223b696d677c733a31373a22353639323365653139346439302e6a7067223b757365725f747970657c733a343a22726f6f74223b),
('49d3efc363ca899b6d83ef75e666c06b6ae3a428', '58.181.193.10', 1490686825, 0x5f5f63695f6c6173745f726567656e65726174657c693a313439303638363732333b5f5f63695f766172737c613a31363a7b733a31333a226572726f725f626172636f6465223b733a333a226f6c64223b733a31343a226572726f725f6974656d6e616d65223b733a333a226f6c64223b733a31343a226572726f725f6f70656e5f717479223b733a333a226f6c64223b733a31303a226572726f725f756e6974223b733a333a226f6c64223b733a31353a226572726f725f6f70656e5f64617465223b733a333a226f6c64223b733a31363a226572726f725f6f70656e5f656e747279223b733a333a226f6c64223b733a31393a226572726f725f6c6f636174696f6e5f6e616d65223b733a333a226f6c64223b733a373a226974656d5f6964223b733a333a226f6c64223b733a31313a226c6f636174696f6e5f6964223b733a333a226f6c64223b733a373a22626172636f6465223b733a333a226f6c64223b733a383a226974656d6e616d65223b733a333a226f6c64223b733a383a226f70656e5f717479223b733a333a226f6c64223b733a343a22756e6974223b733a333a226f6c64223b733a393a226f70656e5f64617465223b733a333a226f6c64223b733a31303a226f70656e5f656e747279223b733a333a226f6c64223b733a31333a226c6f636174696f6e5f6e616d65223b733a333a226f6c64223b7d6c6f67696e5f69647c733a313a2231223b757365726e616d657c733a353a2261646d696e223b66697273746e616d657c733a31333a224e6f6572746862616e6b6b6f6b223b6c6173746e616d657c733a31303a22556e6976657273697479223b696d677c733a31373a22353639323365653139346439302e6a7067223b757365725f747970657c733a343a22726f6f74223b6572726f725f626172636f64657c733a303a22223b6572726f725f6974656d6e616d657c733a303a22223b6572726f725f6f70656e5f7174797c733a303a22223b6572726f725f756e69747c733a303a22223b6572726f725f6f70656e5f646174657c733a34313a223c703ee0b884e0b988e0b8b2e0b8abe0b989e0b8b2e0b8a1e0b8a7e0b988e0b8b2e0b887213c2f703e223b6572726f725f6f70656e5f656e7472797c733a34313a223c703ee0b884e0b988e0b8b2e0b8abe0b989e0b8b2e0b8a1e0b8a7e0b988e0b8b2e0b887213c2f703e223b6572726f725f6c6f636174696f6e5f6e616d657c733a34313a223c703ee0b884e0b988e0b8b2e0b8abe0b989e0b8b2e0b8a1e0b8a7e0b988e0b8b2e0b887213c2f703e223b6974656d5f69647c733a313a2235223b6c6f636174696f6e5f69647c733a303a22223b626172636f64657c733a31323a22393232313333333635383731223b6974656d6e616d657c733a37313a22e0b8abe0b899e0b989e0b8b2e0b888e0b8ade0b884e0b8ade0b8a1e0b89ee0b8b4e0b8a7e0b980e0b895e0b8ade0b8a3e0b98c204c434420e0b8a3e0b8b8e0b988e0b899204c47223b6f70656e5f7174797c733a313a2231223b756e69747c733a32313a22e0b980e0b884e0b8a3e0b8b7e0b988e0b8ade0b887223b6f70656e5f646174657c733a303a22223b6f70656e5f656e7472797c733a303a22223b6c6f636174696f6e5f6e616d657c733a303a22223b),
('4cdd4755c3b3aa0511698e5ec67a928e0e99bd38', '14.207.82.137', 1490398106, 0x5f5f63695f6c6173745f726567656e65726174657c693a313439303339383130363b),
('4d524a07cf6781ee3e924bb31cac777e226650c1', '58.181.193.10', 1490159147, 0x5f5f63695f6c6173745f726567656e65726174657c693a313439303135393134373b6c6f67696e5f69647c733a313a2231223b757365726e616d657c733a353a2261646d696e223b66697273746e616d657c733a31333a224e6f6572746862616e6b6b6f6b223b6c6173746e616d657c733a31303a22556e6976657273697479223b696d677c733a31373a22353639323365653139346439302e6a7067223b757365725f747970657c733a343a22726f6f74223b),
('4df7f881cd7096d3889e66f2a6da7deba48913ad', '180.183.136.15', 1490656293, 0x5f5f63695f6c6173745f726567656e65726174657c693a313439303635363239333b6c6f67696e5f69647c733a313a2231223b757365726e616d657c733a353a2261646d696e223b66697273746e616d657c733a31333a224e6f6572746862616e6b6b6f6b223b6c6173746e616d657c733a31303a22556e6976657273697479223b696d677c733a31373a22353639323365653139346439302e6a7067223b757365725f747970657c733a343a22726f6f74223b),
('4e828c6be2bff5055144e87c2a9b3b7dc1e01202', '49.49.246.41', 1490270248, 0x5f5f63695f6c6173745f726567656e65726174657c693a313439303237303234383b),
('51d8255aed817b6b4fdb16cd89ac85316792eed3', '180.183.136.15', 1490645431, 0x5f5f63695f6c6173745f726567656e65726174657c693a313439303634353433313b6c6f67696e5f69647c733a313a2231223b757365726e616d657c733a353a2261646d696e223b66697273746e616d657c733a31333a224e6f6572746862616e6b6b6f6b223b6c6173746e616d657c733a31303a22556e6976657273697479223b696d677c733a31373a22353639323365653139346439302e6a7067223b757365725f747970657c733a343a22726f6f74223b),
('5202d8da567473d13fec19abaa9e4757b42c37e9', '180.183.141.153', 1489854979, 0x5f5f63695f6c6173745f726567656e65726174657c693a313438393835343937393b6c6f67696e5f69647c733a313a2231223b757365726e616d657c733a353a2261646d696e223b66697273746e616d657c733a31333a224e6f6572746862616e6b6b6f6b223b6c6173746e616d657c733a31303a22556e6976657273697479223b696d677c733a31373a22353639323365653139346439302e6a7067223b757365725f747970657c733a343a22726f6f74223b),
('521a1a09b75539737fe90f6892e3ecfe5049c85d', '223.24.80.213', 1490648823, 0x5f5f63695f6c6173745f726567656e65726174657c693a313439303634383832333b),
('5308e3516c453c18e5f0cc9c9af23afd3c5976b5', '180.183.141.153', 1489854173, 0x5f5f63695f6c6173745f726567656e65726174657c693a313438393835343137333b6c6f67696e5f69647c733a313a2231223b757365726e616d657c733a353a2261646d696e223b66697273746e616d657c733a31333a224e6f6572746862616e6b6b6f6b223b6c6173746e616d657c733a31303a22556e6976657273697479223b696d677c733a31373a22353639323365653139346439302e6a7067223b757365725f747970657c733a343a22726f6f74223b6d7367696e666f7c733a3233353a223c64697620636c6173733d22706164206d617267696e206e6f2d7072696e74223e3c646976207374796c653d226d617267696e2d626f74746f6d3a203021696d706f7274616e743b2220636c6173733d2263616c6c6f75742063616c6c6f75742d696e666f223e3c68343e3c6920636c6173733d2266612066612d696e666f223e3c2f693e20e0b882e0b989e0b8ade0b884e0b8a7e0b8b2e0b8a1e0b888e0b8b2e0b881e0b8a3e0b8b0e0b89ae0b89a3c2f68343ee0b897e0b8b3e0b8a3e0b8b2e0b8a2e0b881e0b8b2e0b8a3e0b8aae0b8b3e0b980e0b8a3e0b987e0b8883c2f6469763e3c2f6469763e223b5f5f63695f766172737c613a313a7b733a373a226d7367696e666f223b733a333a226f6c64223b7d),
('535b87eabedb2ca672f20f75e449d97293842703', '14.207.82.137', 1490103567, 0x5f5f63695f6c6173745f726567656e65726174657c693a313439303130333330323b6c6f67696e5f69647c733a313a2231223b757365726e616d657c733a353a2261646d696e223b66697273746e616d657c733a31333a224e6f6572746862616e6b6b6f6b223b6c6173746e616d657c733a31303a22556e6976657273697479223b696d677c733a31373a22353639323365653139346439302e6a7067223b757365725f747970657c733a343a22726f6f74223b),
('548add0e49f447bc403d59a7528f1def747162e7', '14.207.171.233', 1491661700, 0x5f5f63695f6c6173745f726567656e65726174657c693a313439313636313730303b),
('54dc4c498a2c0f72051b66fc331a773edeea8645', '58.181.193.10', 1490090624, 0x5f5f63695f6c6173745f726567656e65726174657c693a313439303039303632343b6c6f67696e5f69647c733a313a2231223b757365726e616d657c733a353a2261646d696e223b66697273746e616d657c733a31333a224e6f6572746862616e6b6b6f6b223b6c6173746e616d657c733a31303a22556e6976657273697479223b696d677c733a31373a22353639323365653139346439302e6a7067223b757365725f747970657c733a343a22726f6f74223b),
('556aa034a2c06f598ac450c5e637b13054f4fddf', '66.102.6.88', 1491568316, 0x5f5f63695f6c6173745f726567656e65726174657c693a313439313536383331363b),
('55c7288b770fbabf25b05a4c1e26eb8d4978300c', '180.183.136.15', 1490648171, 0x5f5f63695f6c6173745f726567656e65726174657c693a313439303634383137313b6c6f67696e5f69647c733a313a2231223b757365726e616d657c733a353a2261646d696e223b66697273746e616d657c733a31333a224e6f6572746862616e6b6b6f6b223b6c6173746e616d657c733a31303a22556e6976657273697479223b696d677c733a31373a22353639323365653139346439302e6a7067223b757365725f747970657c733a343a22726f6f74223b),
('588f7acefd5a5141a6ce0358abea851f4c045010', '180.183.141.153', 1489851930, 0x5f5f63695f6c6173745f726567656e65726174657c693a313438393835313933303b6c6f67696e5f69647c733a313a2231223b757365726e616d657c733a353a2261646d696e223b66697273746e616d657c733a31333a224e6f6572746862616e6b6b6f6b223b6c6173746e616d657c733a31303a22556e6976657273697479223b696d677c733a31373a22353639323365653139346439302e6a7067223b757365725f747970657c733a343a22726f6f74223b),
('59a684911f708a801ddda903b979424991aee3b9', '14.207.82.137', 1490100866, 0x5f5f63695f6c6173745f726567656e65726174657c693a313439303130303836363b6c6f67696e5f69647c733a313a2231223b757365726e616d657c733a353a2261646d696e223b66697273746e616d657c733a31333a224e6f6572746862616e6b6b6f6b223b6c6173746e616d657c733a31303a22556e6976657273697479223b696d677c733a31373a22353639323365653139346439302e6a7067223b757365725f747970657c733a343a22726f6f74223b),
('5a35adab6274a298d741634c34a45f65f8d1688f', '180.183.136.15', 1490649260, 0x5f5f63695f6c6173745f726567656e65726174657c693a313439303634393236303b6c6f67696e5f69647c733a313a2231223b757365726e616d657c733a353a2261646d696e223b66697273746e616d657c733a31333a224e6f6572746862616e6b6b6f6b223b6c6173746e616d657c733a31303a22556e6976657273697479223b696d677c733a31373a22353639323365653139346439302e6a7067223b757365725f747970657c733a343a22726f6f74223b),
('5b5746b67092490e15d66b3e83abb94f3da6013e', '14.207.82.137', 1490476079, 0x5f5f63695f6c6173745f726567656e65726174657c693a313439303437363037393b6c6f67696e5f69647c733a313a2231223b757365726e616d657c733a353a2261646d696e223b66697273746e616d657c733a31333a224e6f6572746862616e6b6b6f6b223b6c6173746e616d657c733a31303a22556e6976657273697479223b696d677c733a31373a22353639323365653139346439302e6a7067223b757365725f747970657c733a343a22726f6f74223b),
('5ba61d13305c4bd57e8a10ace1c157dbc20128c9', '180.183.136.15', 1490645921, 0x5f5f63695f6c6173745f726567656e65726174657c693a313439303634353932313b6c6f67696e5f69647c733a313a2231223b757365726e616d657c733a353a2261646d696e223b66697273746e616d657c733a31333a224e6f6572746862616e6b6b6f6b223b6c6173746e616d657c733a31303a22556e6976657273697479223b696d677c733a31373a22353639323365653139346439302e6a7067223b757365725f747970657c733a343a22726f6f74223b),
('5bdf96bd08abefaa6781e4cd410fa2e480894691', '14.207.82.137', 1490200869, 0x5f5f63695f6c6173745f726567656e65726174657c693a313439303230303836393b6c6f67696e5f69647c733a313a2231223b757365726e616d657c733a353a2261646d696e223b66697273746e616d657c733a31333a224e6f6572746862616e6b6b6f6b223b6c6173746e616d657c733a31303a22556e6976657273697479223b696d677c733a31373a22353639323365653139346439302e6a7067223b757365725f747970657c733a343a22726f6f74223b),
('5c73005c85f6ff4f4620c70a6122d7e1168bf4f0', '180.183.141.153', 1489849569, 0x5f5f63695f6c6173745f726567656e65726174657c693a313438393834393536393b6c6f67696e5f69647c733a323a223435223b757365726e616d657c733a383a22616e75736f6e6464223b66697273746e616d657c733a363a22616e75736f6e223b6c6173746e616d657c733a353a226475616e67223b696d677c733a31373a22353639323365653139346439302e6a7067223b757365725f747970657c733a343a22726f6f74223b),
('5cf384fa6731fef38ce91ec8fa1d6c7b9ead7056', '58.181.193.10', 1490089267, 0x5f5f63695f6c6173745f726567656e65726174657c693a313439303038393236373b6c6f67696e5f69647c733a313a2231223b757365726e616d657c733a353a2261646d696e223b66697273746e616d657c733a31333a224e6f6572746862616e6b6b6f6b223b6c6173746e616d657c733a31303a22556e6976657273697479223b696d677c733a31373a22353639323365653139346439302e6a7067223b757365725f747970657c733a343a22726f6f74223b),
('5e7fc817595c10f77a3381e6ab727718c44f5b0e', '14.207.82.137', 1490208270, 0x5f5f63695f6c6173745f726567656e65726174657c693a313439303230383237303b6c6f67696e5f69647c733a313a2231223b757365726e616d657c733a353a2261646d696e223b66697273746e616d657c733a31333a224e6f6572746862616e6b6b6f6b223b6c6173746e616d657c733a31303a22556e6976657273697479223b696d677c733a31373a22353639323365653139346439302e6a7067223b757365725f747970657c733a343a22726f6f74223b),
('5f0bc2aa48b04a5ce45b465987bbb8c46579bfd3', '180.183.141.153', 1489844966, 0x5f5f63695f6c6173745f726567656e65726174657c693a313438393834343936363b6c6f67696e5f69647c733a313a2231223b757365726e616d657c733a353a2261646d696e223b66697273746e616d657c733a31333a224e6f6572746862616e6b6b6f6b223b6c6173746e616d657c733a31303a22556e6976657273697479223b696d677c733a31373a22353639323365653139346439302e6a7067223b757365725f747970657c733a343a22726f6f74223b),
('5f7f54b61b02102435594fa748b800221f953ef7', '14.207.82.137', 1490203745, 0x5f5f63695f6c6173745f726567656e65726174657c693a313439303230333734353b6c6f67696e5f69647c733a313a2231223b757365726e616d657c733a353a2261646d696e223b66697273746e616d657c733a31333a224e6f6572746862616e6b6b6f6b223b6c6173746e616d657c733a31303a22556e6976657273697479223b696d677c733a31373a22353639323365653139346439302e6a7067223b757365725f747970657c733a343a22726f6f74223b6d7367696e666f7c733a3233353a223c64697620636c6173733d22706164206d617267696e206e6f2d7072696e74223e3c646976207374796c653d226d617267696e2d626f74746f6d3a203021696d706f7274616e743b2220636c6173733d2263616c6c6f75742063616c6c6f75742d696e666f223e3c68343e3c6920636c6173733d2266612066612d696e666f223e3c2f693e20e0b882e0b989e0b8ade0b884e0b8a7e0b8b2e0b8a1e0b888e0b8b2e0b881e0b8a3e0b8b0e0b89ae0b89a3c2f68343ee0b897e0b8b3e0b8a3e0b8b2e0b8a2e0b881e0b8b2e0b8a3e0b8aae0b8b3e0b980e0b8a3e0b987e0b8883c2f6469763e3c2f6469763e223b5f5f63695f766172737c613a313a7b733a373a226d7367696e666f223b733a333a226f6c64223b7d),
('608cfcbac216f54cc192599a033326070fccf32a', '14.207.82.137', 1490474171, 0x5f5f63695f6c6173745f726567656e65726174657c693a313439303437343137313b6c6f67696e5f69647c733a313a2231223b757365726e616d657c733a353a2261646d696e223b66697273746e616d657c733a31333a224e6f6572746862616e6b6b6f6b223b6c6173746e616d657c733a31303a22556e6976657273697479223b696d677c733a31373a22353639323365653139346439302e6a7067223b757365725f747970657c733a343a22726f6f74223b),
('60c1471ad364266858b6566d0f70db00991a6d7d', '66.102.6.152', 1489840063, 0x5f5f63695f6c6173745f726567656e65726174657c693a313438393834303036333b),
('6103b90a9b3cccb4208cc35a1dadc3c3b42f66fd', '180.183.136.15', 1490655591, 0x5f5f63695f6c6173745f726567656e65726174657c693a313439303635353539313b6c6f67696e5f69647c733a313a2231223b757365726e616d657c733a353a2261646d696e223b66697273746e616d657c733a31333a224e6f6572746862616e6b6b6f6b223b6c6173746e616d657c733a31303a22556e6976657273697479223b696d677c733a31373a22353639323365653139346439302e6a7067223b757365725f747970657c733a343a22726f6f74223b),
('610962a618cf394143ec795c52a2ff66f33ec859', '58.181.193.10', 1490085671, 0x5f5f63695f6c6173745f726567656e65726174657c693a313439303038353637313b6c6f67696e5f69647c733a313a2231223b757365726e616d657c733a353a2261646d696e223b66697273746e616d657c733a31333a224e6f6572746862616e6b6b6f6b223b6c6173746e616d657c733a31303a22556e6976657273697479223b696d677c733a31373a22353639323365653139346439302e6a7067223b757365725f747970657c733a343a22726f6f74223b),
('612e896e28aeccd34025e418690cbfc8bd3c5ebb', '58.181.193.10', 1490156438, 0x5f5f63695f6c6173745f726567656e65726174657c693a313439303135363433383b6c6f67696e5f69647c733a313a2231223b757365726e616d657c733a353a2261646d696e223b66697273746e616d657c733a31333a224e6f6572746862616e6b6b6f6b223b6c6173746e616d657c733a31303a22556e6976657273697479223b696d677c733a31373a22353639323365653139346439302e6a7067223b757365725f747970657c733a343a22726f6f74223b),
('62141509f10a18acf83601e61270cbd3b28ca48e', '1.47.133.27', 1492412924, 0x5f5f63695f6c6173745f726567656e65726174657c693a313439323431323932343b),
('62ddf53726e14a7a3a9f2bf5088e7e6d27654f93', '1.47.133.27', 1492415293, 0x5f5f63695f6c6173745f726567656e65726174657c693a313439323431353239333b),
('64e3ffbaf933cfcac037b02e656d2e85c9a6cbd2', '14.207.82.137', 1490209936, 0x5f5f63695f6c6173745f726567656e65726174657c693a313439303230393933333b6c6f67696e5f69647c733a313a2231223b757365726e616d657c733a353a2261646d696e223b66697273746e616d657c733a31333a224e6f6572746862616e6b6b6f6b223b6c6173746e616d657c733a31303a22556e6976657273697479223b696d677c733a31373a22353639323365653139346439302e6a7067223b757365725f747970657c733a343a22726f6f74223b),
('6712fcc50c4455597b4f99f72ad03b26649b34f9', '58.181.193.10', 1489902831, 0x5f5f63695f6c6173745f726567656e65726174657c693a313438393930323833313b6c6f67696e5f69647c733a313a2231223b757365726e616d657c733a353a2261646d696e223b66697273746e616d657c733a31333a224e6f6572746862616e6b6b6f6b223b6c6173746e616d657c733a31303a22556e6976657273697479223b696d677c733a31373a22353639323365653139346439302e6a7067223b757365725f747970657c733a343a22726f6f74223b),
('6722839c4963179a4156b0d53704b57c700837ce', '58.181.193.10', 1490089982, 0x5f5f63695f6c6173745f726567656e65726174657c693a313439303038393938323b6c6f67696e5f69647c733a313a2231223b757365726e616d657c733a353a2261646d696e223b66697273746e616d657c733a31333a224e6f6572746862616e6b6b6f6b223b6c6173746e616d657c733a31303a22556e6976657273697479223b696d677c733a31373a22353639323365653139346439302e6a7067223b757365725f747970657c733a343a22726f6f74223b),
('6922bdc77b84ed75014f12b7a0d9ccc3aa762cd5', '58.181.193.10', 1490157814, 0x5f5f63695f6c6173745f726567656e65726174657c693a313439303135373831343b6c6f67696e5f69647c733a313a2231223b757365726e616d657c733a353a2261646d696e223b66697273746e616d657c733a31333a224e6f6572746862616e6b6b6f6b223b6c6173746e616d657c733a31303a22556e6976657273697479223b696d677c733a31373a22353639323365653139346439302e6a7067223b757365725f747970657c733a343a22726f6f74223b),
('69abaf950939f849097b1336942a67e24a1dd292', '58.181.193.10', 1490084399, 0x5f5f63695f6c6173745f726567656e65726174657c693a313439303038343339393b6c6f67696e5f69647c733a313a2231223b757365726e616d657c733a353a2261646d696e223b66697273746e616d657c733a31333a224e6f6572746862616e6b6b6f6b223b6c6173746e616d657c733a31303a22556e6976657273697479223b696d677c733a31373a22353639323365653139346439302e6a7067223b757365725f747970657c733a343a22726f6f74223b),
('6a08a3622a7cff829aaec148b01bebc209e1a1d8', '173.252.90.89', 1489839722, 0x5f5f63695f6c6173745f726567656e65726174657c693a313438393833393732323b),
('6ab4976b4fd4852b63de8898de36c8ca376cae40', '66.102.6.150', 1492170003, 0x5f5f63695f6c6173745f726567656e65726174657c693a313439323137303030333b),
('6cafcc947413a889edc570164452dd5b7efe6aaf', '58.181.193.10', 1489903302, 0x5f5f63695f6c6173745f726567656e65726174657c693a313438393930333135313b6c6f67696e5f69647c733a313a2231223b757365726e616d657c733a353a2261646d696e223b66697273746e616d657c733a31333a224e6f6572746862616e6b6b6f6b223b6c6173746e616d657c733a31303a22556e6976657273697479223b696d677c733a31373a22353639323365653139346439302e6a7067223b757365725f747970657c733a343a22726f6f74223b),
('6cc3dfcaa0e9366ae54fc9565dfd55fcbc1d0636', '180.183.136.15', 1490646768, 0x5f5f63695f6c6173745f726567656e65726174657c693a313439303634363736383b6c6f67696e5f69647c733a313a2231223b757365726e616d657c733a353a2261646d696e223b66697273746e616d657c733a31333a224e6f6572746862616e6b6b6f6b223b6c6173746e616d657c733a31303a22556e6976657273697479223b696d677c733a31373a22353639323365653139346439302e6a7067223b757365725f747970657c733a343a22726f6f74223b),
('6eed89160c659a58bad0718589807f1e5db21dbd', '223.24.16.167', 1489609659, 0x5f5f63695f6c6173745f726567656e65726174657c693a313438393630393635393b6c6f67696e5f69647c733a313a2231223b757365726e616d657c733a353a2261646d696e223b66697273746e616d657c733a31333a224e6f6572746862616e6b6b6f6b223b6c6173746e616d657c733a31303a22556e6976657273697479223b696d677c733a31373a22353639323365653139346439302e6a7067223b757365725f747970657c733a343a22726f6f74223b),
('71911d59bac9c928d1a0494b81540b96061c0ade', '183.88.80.215', 1489612703, 0x5f5f63695f6c6173745f726567656e65726174657c693a313438393631323730333b6c6f67696e5f69647c733a313a2231223b757365726e616d657c733a353a2261646d696e223b66697273746e616d657c733a31333a224e6f6572746862616e6b6b6f6b223b6c6173746e616d657c733a31303a22556e6976657273697479223b696d677c733a31373a22353639323365653139346439302e6a7067223b757365725f747970657c733a343a22726f6f74223b),
('71bc0eac20714690d4ce2f4a725c4554bbc59095', '66.102.6.87', 1491687358, 0x5f5f63695f6c6173745f726567656e65726174657c693a313439313638373335383b),
('71e99589aace662e2159bd0d8fbc6360d65ede91', '14.207.82.137', 1490103302, 0x5f5f63695f6c6173745f726567656e65726174657c693a313439303130333330323b6c6f67696e5f69647c733a313a2231223b757365726e616d657c733a353a2261646d696e223b66697273746e616d657c733a31333a224e6f6572746862616e6b6b6f6b223b6c6173746e616d657c733a31303a22556e6976657273697479223b696d677c733a31373a22353639323365653139346439302e6a7067223b757365725f747970657c733a343a22726f6f74223b),
('732855ed16a11662534e5aa2f4e182db6d1914e9', '180.183.141.153', 1489855640, 0x5f5f63695f6c6173745f726567656e65726174657c693a313438393835353439323b6c6f67696e5f69647c733a313a2231223b757365726e616d657c733a353a2261646d696e223b66697273746e616d657c733a31333a224e6f6572746862616e6b6b6f6b223b6c6173746e616d657c733a31303a22556e6976657273697479223b696d677c733a31373a22353639323365653139346439302e6a7067223b757365725f747970657c733a343a22726f6f74223b),
('73779ab4cd05caa7c268ab99d33c51f16293e034', '14.207.82.137', 1490207230, 0x5f5f63695f6c6173745f726567656e65726174657c693a313439303230373233303b6c6f67696e5f69647c733a313a2231223b757365726e616d657c733a353a2261646d696e223b66697273746e616d657c733a31333a224e6f6572746862616e6b6b6f6b223b6c6173746e616d657c733a31303a22556e6976657273697479223b696d677c733a31373a22353639323365653139346439302e6a7067223b757365725f747970657c733a343a22726f6f74223b6d7367696e666f7c733a3233353a223c64697620636c6173733d22706164206d617267696e206e6f2d7072696e74223e3c646976207374796c653d226d617267696e2d626f74746f6d3a203021696d706f7274616e743b2220636c6173733d2263616c6c6f75742063616c6c6f75742d696e666f223e3c68343e3c6920636c6173733d2266612066612d696e666f223e3c2f693e20e0b882e0b989e0b8ade0b884e0b8a7e0b8b2e0b8a1e0b888e0b8b2e0b881e0b8a3e0b8b0e0b89ae0b89a3c2f68343ee0b897e0b8b3e0b8a3e0b8b2e0b8a2e0b881e0b8b2e0b8a3e0b8aae0b8b3e0b980e0b8a3e0b987e0b8883c2f6469763e3c2f6469763e223b5f5f63695f766172737c613a313a7b733a373a226d7367696e666f223b733a333a226f6c64223b7d),
('74c201bc08f4fbfe69142a09a11d48576221975b', '180.183.141.153', 1489852068, 0x5f5f63695f6c6173745f726567656e65726174657c693a313438393835313933303b6c6f67696e5f69647c733a313a2231223b757365726e616d657c733a353a2261646d696e223b66697273746e616d657c733a31333a224e6f6572746862616e6b6b6f6b223b6c6173746e616d657c733a31303a22556e6976657273697479223b696d677c733a31373a22353639323365653139346439302e6a7067223b757365725f747970657c733a343a22726f6f74223b),
('75187bdd97f1c381f567963f886679f0da5176d8', '180.183.136.15', 1490650038, 0x5f5f63695f6c6173745f726567656e65726174657c693a313439303635303033383b6c6f67696e5f69647c733a313a2231223b757365726e616d657c733a353a2261646d696e223b66697273746e616d657c733a31333a224e6f6572746862616e6b6b6f6b223b6c6173746e616d657c733a31303a22556e6976657273697479223b696d677c733a31373a22353639323365653139346439302e6a7067223b757365725f747970657c733a343a22726f6f74223b),
('752ae8d24e83584168c8b95050ae7e53a7a23a2b', '58.181.193.10', 1490091137, 0x5f5f63695f6c6173745f726567656e65726174657c693a313439303039313133353b6c6f67696e5f69647c733a313a2231223b757365726e616d657c733a353a2261646d696e223b66697273746e616d657c733a31333a224e6f6572746862616e6b6b6f6b223b6c6173746e616d657c733a31303a22556e6976657273697479223b696d677c733a31373a22353639323365653139346439302e6a7067223b757365725f747970657c733a343a22726f6f74223b),
('7571b51558ddb1e5591b645cbe66f307c4132c94', '180.183.136.15', 1490644990, 0x5f5f63695f6c6173745f726567656e65726174657c693a313439303634343939303b6c6f67696e5f69647c733a313a2231223b757365726e616d657c733a353a2261646d696e223b66697273746e616d657c733a31333a224e6f6572746862616e6b6b6f6b223b6c6173746e616d657c733a31303a22556e6976657273697479223b696d677c733a31373a22353639323365653139346439302e6a7067223b757365725f747970657c733a343a22726f6f74223b),
('765d70b1edd2f7ba3c140fde025396727f4e9a6d', '14.207.82.137', 1490478827, 0x5f5f63695f6c6173745f726567656e65726174657c693a313439303437383832373b6c6f67696e5f69647c733a313a2231223b757365726e616d657c733a353a2261646d696e223b66697273746e616d657c733a31333a224e6f6572746862616e6b6b6f6b223b6c6173746e616d657c733a31303a22556e6976657273697479223b696d677c733a31373a22353639323365653139346439302e6a7067223b757365725f747970657c733a343a22726f6f74223b),
('7736b2e8afa38cb2e1b6ed9c846e01ddca1dffd3', '180.183.141.153', 1489847642, 0x5f5f63695f6c6173745f726567656e65726174657c693a313438393834373634323b6c6f67696e5f69647c733a313a2231223b757365726e616d657c733a353a2261646d696e223b66697273746e616d657c733a31333a224e6f6572746862616e6b6b6f6b223b6c6173746e616d657c733a31303a22556e6976657273697479223b696d677c733a31373a22353639323365653139346439302e6a7067223b757365725f747970657c733a343a22726f6f74223b),
('77f2e9181c2a661566625065ef1d1c3b02ef10d3', '180.183.141.153', 1489848598, 0x5f5f63695f6c6173745f726567656e65726174657c693a313438393834383539383b6c6f67696e5f69647c733a313a2231223b757365726e616d657c733a353a2261646d696e223b66697273746e616d657c733a31333a224e6f6572746862616e6b6b6f6b223b6c6173746e616d657c733a31303a22556e6976657273697479223b696d677c733a31373a22353639323365653139346439302e6a7067223b757365725f747970657c733a343a22726f6f74223b),
('795909fa5af88f34cc82302644f5132506930093', '180.183.136.15', 1490652824, 0x5f5f63695f6c6173745f726567656e65726174657c693a313439303635323832343b6c6f67696e5f69647c733a313a2231223b757365726e616d657c733a353a2261646d696e223b66697273746e616d657c733a31333a224e6f6572746862616e6b6b6f6b223b6c6173746e616d657c733a31303a22556e6976657273697479223b696d677c733a31373a22353639323365653139346439302e6a7067223b757365725f747970657c733a343a22726f6f74223b),
('7a1f946bac48a1917a864f61f05ee8bbc0960dbf', '180.183.136.15', 1490656676, 0x5f5f63695f6c6173745f726567656e65726174657c693a313439303635363637363b6c6f67696e5f69647c733a313a2231223b757365726e616d657c733a353a2261646d696e223b66697273746e616d657c733a31333a224e6f6572746862616e6b6b6f6b223b6c6173746e616d657c733a31303a22556e6976657273697479223b696d677c733a31373a22353639323365653139346439302e6a7067223b757365725f747970657c733a343a22726f6f74223b),
('7acd4b95ef6ebdf72e140593b8bb6f5ba3be74f6', '66.102.6.87', 1490164075, 0x5f5f63695f6c6173745f726567656e65726174657c693a313439303136343037353b),
('7b9bd1d6ac9f6d9f30f686ef8a353b875bebd8ed', '173.252.88.191', 1489839720, 0x5f5f63695f6c6173745f726567656e65726174657c693a313438393833393732303b),
('7c0dbb0e956b41b0cb14e6e3381ba707a24d97bc', '180.183.141.153', 1489844514, 0x5f5f63695f6c6173745f726567656e65726174657c693a313438393834343531343b6c6f67696e5f69647c733a313a2231223b757365726e616d657c733a353a2261646d696e223b66697273746e616d657c733a31333a224e6f6572746862616e6b6b6f6b223b6c6173746e616d657c733a31303a22556e6976657273697479223b696d677c733a31373a22353639323365653139346439302e6a7067223b757365725f747970657c733a343a22726f6f74223b),
('7c3b201e6dace60c65f109829787563e217bc4a8', '173.252.74.98', 1490648278, 0x5f5f63695f6c6173745f726567656e65726174657c693a313439303634383237383b),
('7da26201420227faff0a3bd64d8580a20c564bdb', '14.207.171.233', 1491647417, 0x5f5f63695f6c6173745f726567656e65726174657c693a313439313634373430333b),
('7e7193f98cbf1e3624b7e735d2778892729fe834', '14.207.82.137', 1490475150, 0x5f5f63695f6c6173745f726567656e65726174657c693a313439303437353135303b6c6f67696e5f69647c733a313a2231223b757365726e616d657c733a353a2261646d696e223b66697273746e616d657c733a31333a224e6f6572746862616e6b6b6f6b223b6c6173746e616d657c733a31303a22556e6976657273697479223b696d677c733a31373a22353639323365653139346439302e6a7067223b757365725f747970657c733a343a22726f6f74223b),
('7e7e4f81e15516db9c1a4d23228520f93ec37695', '180.183.141.153', 1489851761, 0x5f5f63695f6c6173745f726567656e65726174657c693a313438393835313736313b6c6f67696e5f69647c733a323a223435223b757365726e616d657c733a383a22616e75736f6e6464223b66697273746e616d657c733a363a22616e75736f6e223b6c6173746e616d657c733a353a226475616e67223b696d677c733a31373a22353639323365653139346439302e6a7067223b757365725f747970657c733a343a22726f6f74223b),
('82895b12e724ae7c8f83d431e342bcf89cddc638', '58.181.193.10', 1490686723, 0x5f5f63695f6c6173745f726567656e65726174657c693a313439303638363732333b5f5f63695f766172737c613a303a7b7d6c6f67696e5f69647c733a313a2231223b757365726e616d657c733a353a2261646d696e223b66697273746e616d657c733a31333a224e6f6572746862616e6b6b6f6b223b6c6173746e616d657c733a31303a22556e6976657273697479223b696d677c733a31373a22353639323365653139346439302e6a7067223b757365725f747970657c733a343a22726f6f74223b),
('83df01fc4fb76e96bc76d5ffd2e974845ac81ffb', '58.181.193.10', 1490153774, 0x5f5f63695f6c6173745f726567656e65726174657c693a313439303135333737343b6c6f67696e5f69647c733a313a2231223b757365726e616d657c733a353a2261646d696e223b66697273746e616d657c733a31333a224e6f6572746862616e6b6b6f6b223b6c6173746e616d657c733a31303a22556e6976657273697479223b696d677c733a31373a22353639323365653139346439302e6a7067223b757365725f747970657c733a343a22726f6f74223b),
('84587446ac1e918d425d87d708a47cbfadce5244', '14.207.82.137', 1490480009, 0x5f5f63695f6c6173745f726567656e65726174657c693a313439303438303030393b6c6f67696e5f69647c733a313a2231223b757365726e616d657c733a353a2261646d696e223b66697273746e616d657c733a31333a224e6f6572746862616e6b6b6f6b223b6c6173746e616d657c733a31303a22556e6976657273697479223b696d677c733a31373a22353639323365653139346439302e6a7067223b757365725f747970657c733a343a22726f6f74223b),
('8458d05b4ed45eb463e7af59d08e02eb5d041b67', '58.181.193.10', 1490163840, 0x5f5f63695f6c6173745f726567656e65726174657c693a313439303136333831343b6c6f67696e5f69647c733a313a2231223b757365726e616d657c733a353a2261646d696e223b66697273746e616d657c733a31333a224e6f6572746862616e6b6b6f6b223b6c6173746e616d657c733a31303a22556e6976657273697479223b696d677c733a31373a22353639323365653139346439302e6a7067223b757365725f747970657c733a343a22726f6f74223b),
('84ed0c70fd8a6e6696f143e038cb6fdbe8f720b9', '14.207.82.137', 1490208831, 0x5f5f63695f6c6173745f726567656e65726174657c693a313439303230383833313b6c6f67696e5f69647c733a313a2231223b757365726e616d657c733a353a2261646d696e223b66697273746e616d657c733a31333a224e6f6572746862616e6b6b6f6b223b6c6173746e616d657c733a31303a22556e6976657273697479223b696d677c733a31373a22353639323365653139346439302e6a7067223b757365725f747970657c733a343a22726f6f74223b),
('84ee3327fc91f0d4c41c1ba36ed3dfa759d19f3d', '58.181.193.10', 1490155086, 0x5f5f63695f6c6173745f726567656e65726174657c693a313439303135353038363b6c6f67696e5f69647c733a313a2231223b757365726e616d657c733a353a2261646d696e223b66697273746e616d657c733a31333a224e6f6572746862616e6b6b6f6b223b6c6173746e616d657c733a31303a22556e6976657273697479223b696d677c733a31373a22353639323365653139346439302e6a7067223b757365725f747970657c733a343a22726f6f74223b);
INSERT INTO `st_ci_sessions` (`id`, `ip_address`, `timestamp`, `data`) VALUES
('856c7b3931ea795f28f59693b53d22bdc6416139', '58.181.193.10', 1490154770, 0x5f5f63695f6c6173745f726567656e65726174657c693a313439303135343737303b6c6f67696e5f69647c733a313a2231223b757365726e616d657c733a353a2261646d696e223b66697273746e616d657c733a31333a224e6f6572746862616e6b6b6f6b223b6c6173746e616d657c733a31303a22556e6976657273697479223b696d677c733a31373a22353639323365653139346439302e6a7067223b757365725f747970657c733a343a22726f6f74223b),
('85c7aa10278c2ca28a0ea7d4888ee2968564a49b', '66.102.6.151', 1492296325, 0x5f5f63695f6c6173745f726567656e65726174657c693a313439323239363332353b),
('85e78c021445177be0aec7b40b4a87b1cec72399', '49.49.246.41', 1490270248, 0x5f5f63695f6c6173745f726567656e65726174657c693a313439303237303234383b),
('87297157e93935bdf0e66c8591488761582f3d1a', '180.183.141.153', 1489845280, 0x5f5f63695f6c6173745f726567656e65726174657c693a313438393834353238303b6c6f67696e5f69647c733a313a2231223b757365726e616d657c733a353a2261646d696e223b66697273746e616d657c733a31333a224e6f6572746862616e6b6b6f6b223b6c6173746e616d657c733a31303a22556e6976657273697479223b696d677c733a31373a22353639323365653139346439302e6a7067223b757365725f747970657c733a343a22726f6f74223b),
('881a9efa104ae6f2c3c6e6663d79073bf2acd27a', '180.183.141.153', 1489852489, 0x5f5f63695f6c6173745f726567656e65726174657c693a313438393835323438393b6c6f67696e5f69647c733a313a2231223b757365726e616d657c733a353a2261646d696e223b66697273746e616d657c733a31333a224e6f6572746862616e6b6b6f6b223b6c6173746e616d657c733a31303a22556e6976657273697479223b696d677c733a31373a22353639323365653139346439302e6a7067223b757365725f747970657c733a343a22726f6f74223b),
('884f060f2e27279ceb7fa6f40c0284e72f773732', '183.88.80.215', 1489612128, 0x5f5f63695f6c6173745f726567656e65726174657c693a313438393631313932343b6c6f67696e5f69647c733a313a2231223b757365726e616d657c733a353a2261646d696e223b66697273746e616d657c733a31333a224e6f6572746862616e6b6b6f6b223b6c6173746e616d657c733a31303a22556e6976657273697479223b696d677c733a31373a22353639323365653139346439302e6a7067223b757365725f747970657c733a343a22726f6f74223b),
('897bb315edfa85be14a52d3d4693fee4a660635c', '66.102.6.10', 1490088125, 0x5f5f63695f6c6173745f726567656e65726174657c693a313439303038383132353b),
('8bbc262a2f222b17e9e07d50a7b3aadff7610450', '14.207.82.137', 1490209933, 0x5f5f63695f6c6173745f726567656e65726174657c693a313439303230393933333b6c6f67696e5f69647c733a313a2231223b757365726e616d657c733a353a2261646d696e223b66697273746e616d657c733a31333a224e6f6572746862616e6b6b6f6b223b6c6173746e616d657c733a31303a22556e6976657273697479223b696d677c733a31373a22353639323365653139346439302e6a7067223b757365725f747970657c733a343a22726f6f74223b),
('8bbf7707ac0dfcb6e241d3caa47f847c249f8c09', '66.102.6.8', 1490011653, 0x5f5f63695f6c6173745f726567656e65726174657c693a313439303031313635333b),
('90c5e159824bfe06a901f37f0234e61fec793cda', '58.181.193.10', 1490156742, 0x5f5f63695f6c6173745f726567656e65726174657c693a313439303135363734323b6c6f67696e5f69647c733a313a2231223b757365726e616d657c733a353a2261646d696e223b66697273746e616d657c733a31333a224e6f6572746862616e6b6b6f6b223b6c6173746e616d657c733a31303a22556e6976657273697479223b696d677c733a31373a22353639323365653139346439302e6a7067223b757365725f747970657c733a343a22726f6f74223b),
('92cb12693f39ced34a16c453ebf2d7f6d65ccbc0', '14.207.82.137', 1490095288, 0x5f5f63695f6c6173745f726567656e65726174657c693a313439303039353238383b),
('93068da855a32c8be70da5fae143c6f73f350e57', '180.183.141.153', 1489849266, 0x5f5f63695f6c6173745f726567656e65726174657c693a313438393834393236363b6c6f67696e5f69647c733a323a223435223b757365726e616d657c733a383a22616e75736f6e6464223b66697273746e616d657c733a363a22616e75736f6e223b6c6173746e616d657c733a353a226475616e67223b696d677c733a31373a22353639323365653139346439302e6a7067223b757365725f747970657c733a343a22726f6f74223b),
('935c9a9ee1634bbe66fd89546ac27e70211d4809', '66.102.6.88', 1491243416, 0x5f5f63695f6c6173745f726567656e65726174657c693a313439313234333431363b),
('93db4fc47806e8c288c272fb258a465b9ccc522e', '183.88.80.215', 1489612962, 0x5f5f63695f6c6173745f726567656e65726174657c693a313438393631323730333b6c6f67696e5f69647c733a313a2231223b757365726e616d657c733a353a2261646d696e223b66697273746e616d657c733a31333a224e6f6572746862616e6b6b6f6b223b6c6173746e616d657c733a31303a22556e6976657273697479223b696d677c733a31373a22353639323365653139346439302e6a7067223b757365725f747970657c733a343a22726f6f74223b),
('948c4d42f51964cd726979c3f162d56e4b645707', '180.183.136.15', 1490640507, 0x5f5f63695f6c6173745f726567656e65726174657c693a313439303634303530373b6c6f67696e5f69647c733a313a2231223b757365726e616d657c733a353a2261646d696e223b66697273746e616d657c733a31333a224e6f6572746862616e6b6b6f6b223b6c6173746e616d657c733a31303a22556e6976657273697479223b696d677c733a31373a22353639323365653139346439302e6a7067223b757365725f747970657c733a343a22726f6f74223b),
('94dbafe351036526064a20a60e85742edf1e38f2', '66.102.6.86', 1490268057, 0x5f5f63695f6c6173745f726567656e65726174657c693a313439303236383035373b),
('99dc61aedbee378a44c62990248bf078240cb907', '66.102.6.87', 1491033085, 0x5f5f63695f6c6173745f726567656e65726174657c693a313439313033333038353b),
('9a93914593d45caf363d155cfa20af47f9914238', '58.181.193.10', 1490157507, 0x5f5f63695f6c6173745f726567656e65726174657c693a313439303135373530373b6c6f67696e5f69647c733a313a2231223b757365726e616d657c733a353a2261646d696e223b66697273746e616d657c733a31333a224e6f6572746862616e6b6b6f6b223b6c6173746e616d657c733a31303a22556e6976657273697479223b696d677c733a31373a22353639323365653139346439302e6a7067223b757365725f747970657c733a343a22726f6f74223b),
('9d1cd0ae7cc086029d3d0740f1dbb08c98d64d62', '58.181.193.10', 1490085311, 0x5f5f63695f6c6173745f726567656e65726174657c693a313439303038353331313b6c6f67696e5f69647c733a313a2231223b757365726e616d657c733a353a2261646d696e223b66697273746e616d657c733a31333a224e6f6572746862616e6b6b6f6b223b6c6173746e616d657c733a31303a22556e6976657273697479223b696d677c733a31373a22353639323365653139346439302e6a7067223b757365725f747970657c733a343a22726f6f74223b),
('9d8a5b115c6ff9d372f28cfda3036e4174fed81b', '14.207.82.137', 1490460992, 0x5f5f63695f6c6173745f726567656e65726174657c693a313439303436303939323b),
('9ee97b8e1f35253c8765c8e939a056340e8ac790', '66.102.6.87', 1490915637, 0x5f5f63695f6c6173745f726567656e65726174657c693a313439303931353633373b),
('a4ba2bce15a5f6d2d526c68149264d7e3dfb0529', '180.183.136.15', 1490654670, 0x5f5f63695f6c6173745f726567656e65726174657c693a313439303635343637303b6c6f67696e5f69647c733a313a2231223b757365726e616d657c733a353a2261646d696e223b66697273746e616d657c733a31333a224e6f6572746862616e6b6b6f6b223b6c6173746e616d657c733a31303a22556e6976657273697479223b696d677c733a31373a22353639323365653139346439302e6a7067223b757365725f747970657c733a343a22726f6f74223b),
('a519630b6d67c38e34ddbc625359b3f800c94cb4', '183.88.80.215', 1489611924, 0x5f5f63695f6c6173745f726567656e65726174657c693a313438393631313932343b6c6f67696e5f69647c733a313a2231223b757365726e616d657c733a353a2261646d696e223b66697273746e616d657c733a31333a224e6f6572746862616e6b6b6f6b223b6c6173746e616d657c733a31303a22556e6976657273697479223b696d677c733a31373a22353639323365653139346439302e6a7067223b757365725f747970657c733a343a22726f6f74223b),
('a55815aed2580cdddbe2eae432c6d2a18a74ac86', '58.181.193.10', 1490685905, 0x5f5f63695f6c6173745f726567656e65726174657c693a313439303638353930353b5f5f63695f766172737c613a303a7b7d6c6f67696e5f69647c733a313a2231223b757365726e616d657c733a353a2261646d696e223b66697273746e616d657c733a31333a224e6f6572746862616e6b6b6f6b223b6c6173746e616d657c733a31303a22556e6976657273697479223b696d677c733a31373a22353639323365653139346439302e6a7067223b757365725f747970657c733a343a22726f6f74223b),
('a57ff70f4b42e91aa30417188cd492b4a0fd39d3', '180.183.136.15', 1490727708, 0x5f5f63695f6c6173745f726567656e65726174657c693a313439303732373539393b6c6f67696e5f69647c733a313a2231223b757365726e616d657c733a353a2261646d696e223b66697273746e616d657c733a31333a224e6f6572746862616e6b6b6f6b223b6c6173746e616d657c733a31303a22556e6976657273697479223b696d677c733a31373a22353639323365653139346439302e6a7067223b757365725f747970657c733a343a22726f6f74223b),
('a7526f3f1f5652f307f86765110ded13944b2228', '180.183.141.153', 1489850840, 0x5f5f63695f6c6173745f726567656e65726174657c693a313438393835303834303b6c6f67696e5f69647c733a313a2231223b757365726e616d657c733a353a2261646d696e223b66697273746e616d657c733a31333a224e6f6572746862616e6b6b6f6b223b6c6173746e616d657c733a31303a22556e6976657273697479223b696d677c733a31373a22353639323365653139346439302e6a7067223b757365725f747970657c733a343a22726f6f74223b),
('a7db651d6b5a65343d5bf76eef73169e61d146a1', '180.183.136.15', 1490657715, 0x5f5f63695f6c6173745f726567656e65726174657c693a313439303635373532363b6c6f67696e5f69647c733a313a2231223b757365726e616d657c733a353a2261646d696e223b66697273746e616d657c733a31333a224e6f6572746862616e6b6b6f6b223b6c6173746e616d657c733a31303a22556e6976657273697479223b696d677c733a31373a22353639323365653139346439302e6a7067223b757365725f747970657c733a343a22726f6f74223b5f5f63695f766172737c613a303a7b7d),
('a7dd61623ff8c42bc821e73a70f566361b11d0f6', '203.144.136.6', 1490177496, 0x5f5f63695f6c6173745f726567656e65726174657c693a313439303137373438383b6c6f67696e5f69647c733a313a2231223b757365726e616d657c733a353a2261646d696e223b66697273746e616d657c733a31333a224e6f6572746862616e6b6b6f6b223b6c6173746e616d657c733a31303a22556e6976657273697479223b696d677c733a31373a22353639323365653139346439302e6a7067223b757365725f747970657c733a343a22726f6f74223b),
('a9154161062fb5536f07f741828f61051484fd1c', '58.181.193.10', 1489895443, 0x5f5f63695f6c6173745f726567656e65726174657c693a313438393839353434333b6c6f67696e5f69647c733a313a2231223b757365726e616d657c733a353a2261646d696e223b66697273746e616d657c733a31333a224e6f6572746862616e6b6b6f6b223b6c6173746e616d657c733a31303a22556e6976657273697479223b696d677c733a31373a22353639323365653139346439302e6a7067223b757365725f747970657c733a343a22726f6f74223b),
('a926d52fd3fe59de60fdae50671ce75e3d3224b7', '223.24.16.167', 1489609659, 0x5f5f63695f6c6173745f726567656e65726174657c693a313438393630393635393b6c6f67696e5f69647c733a313a2231223b757365726e616d657c733a353a2261646d696e223b66697273746e616d657c733a31333a224e6f6572746862616e6b6b6f6b223b6c6173746e616d657c733a31303a22556e6976657273697479223b696d677c733a31373a22353639323365653139346439302e6a7067223b757365725f747970657c733a343a22726f6f74223b),
('a9b8b7d93d1b487616f72b63830597a865709b8b', '58.181.193.10', 1489898684, 0x5f5f63695f6c6173745f726567656e65726174657c693a313438393839383638343b6c6f67696e5f69647c733a313a2231223b757365726e616d657c733a353a2261646d696e223b66697273746e616d657c733a31333a224e6f6572746862616e6b6b6f6b223b6c6173746e616d657c733a31303a22556e6976657273697479223b696d677c733a31373a22353639323365653139346439302e6a7067223b757365725f747970657c733a343a22726f6f74223b),
('aaa1e8856fcefb5ee08427ddbf3f68ee1807420a', '14.207.11.71', 1492430505, 0x5f5f63695f6c6173745f726567656e65726174657c693a313439323433303430313b),
('ac58f505ff37d2c7b27820827fdd614e053f9e80', '14.207.82.137', 1490479647, 0x5f5f63695f6c6173745f726567656e65726174657c693a313439303437393634373b6c6f67696e5f69647c733a313a2231223b757365726e616d657c733a353a2261646d696e223b66697273746e616d657c733a31333a224e6f6572746862616e6b6b6f6b223b6c6173746e616d657c733a31303a22556e6976657273697479223b696d677c733a31373a22353639323365653139346439302e6a7067223b757365725f747970657c733a343a22726f6f74223b),
('acd5eb9129a7b0f615979719fdd0351f14337a91', '180.183.136.15', 1490655148, 0x5f5f63695f6c6173745f726567656e65726174657c693a313439303635353134383b6c6f67696e5f69647c733a313a2231223b757365726e616d657c733a353a2261646d696e223b66697273746e616d657c733a31333a224e6f6572746862616e6b6b6f6b223b6c6173746e616d657c733a31303a22556e6976657273697479223b696d677c733a31373a22353639323365653139346439302e6a7067223b757365725f747970657c733a343a22726f6f74223b),
('ad76e68ec55e2931457dd1949fb30ae654dab573', '58.181.193.10', 1490084731, 0x5f5f63695f6c6173745f726567656e65726174657c693a313439303038343733313b6c6f67696e5f69647c733a313a2231223b757365726e616d657c733a353a2261646d696e223b66697273746e616d657c733a31333a224e6f6572746862616e6b6b6f6b223b6c6173746e616d657c733a31303a22556e6976657273697479223b696d677c733a31373a22353639323365653139346439302e6a7067223b757365725f747970657c733a343a22726f6f74223b),
('b3c5a7af1269a1c190ebc29830a7fa8c12986f30', '49.228.250.55', 1490271818, 0x5f5f63695f6c6173745f726567656e65726174657c693a313439303237313831383b),
('b7e6ea02c4b68caa015e1468bac7486f14bcee37', '180.183.136.15', 1490644149, 0x5f5f63695f6c6173745f726567656e65726174657c693a313439303634343134393b6c6f67696e5f69647c733a313a2231223b757365726e616d657c733a353a2261646d696e223b66697273746e616d657c733a31333a224e6f6572746862616e6b6b6f6b223b6c6173746e616d657c733a31303a22556e6976657273697479223b696d677c733a31373a22353639323365653139346439302e6a7067223b757365725f747970657c733a343a22726f6f74223b),
('baf7582a40cc5c28a8e27d2b3efc4367e67e098a', '180.183.136.15', 1490646384, 0x5f5f63695f6c6173745f726567656e65726174657c693a313439303634363338343b6c6f67696e5f69647c733a313a2231223b757365726e616d657c733a353a2261646d696e223b66697273746e616d657c733a31333a224e6f6572746862616e6b6b6f6b223b6c6173746e616d657c733a31303a22556e6976657273697479223b696d677c733a31373a22353639323365653139346439302e6a7067223b757365725f747970657c733a343a22726f6f74223b),
('bb40c573bb5c6e7096d5b010895683f5eec9513d', '180.183.136.15', 1490647505, 0x5f5f63695f6c6173745f726567656e65726174657c693a313439303634373530353b6c6f67696e5f69647c733a313a2231223b757365726e616d657c733a353a2261646d696e223b66697273746e616d657c733a31333a224e6f6572746862616e6b6b6f6b223b6c6173746e616d657c733a31303a22556e6976657273697479223b696d677c733a31373a22353639323365653139346439302e6a7067223b757365725f747970657c733a343a22726f6f74223b),
('bbe04cae17788c54fba9f760eb41049f350d9490', '180.183.141.153', 1489850532, 0x5f5f63695f6c6173745f726567656e65726174657c693a313438393835303533323b6c6f67696e5f69647c733a313a2231223b757365726e616d657c733a353a2261646d696e223b66697273746e616d657c733a31333a224e6f6572746862616e6b6b6f6b223b6c6173746e616d657c733a31303a22556e6976657273697479223b696d677c733a31373a22353639323365653139346439302e6a7067223b757365725f747970657c733a343a22726f6f74223b),
('bcc44bbddbb212aec72834b8f6536de391201071', '58.181.193.10', 1490684567, 0x5f5f63695f6c6173745f726567656e65726174657c693a313439303638343536373b6c6f67696e5f69647c733a313a2231223b757365726e616d657c733a353a2261646d696e223b66697273746e616d657c733a31333a224e6f6572746862616e6b6b6f6b223b6c6173746e616d657c733a31303a22556e6976657273697479223b696d677c733a31373a22353639323365653139346439302e6a7067223b757365725f747970657c733a343a22726f6f74223b5f5f63695f766172737c613a303a7b7d),
('be4d3e9ca4469bd5175162abd4b5f2be07b5d94e', '14.207.82.137', 1490480432, 0x5f5f63695f6c6173745f726567656e65726174657c693a313439303438303433323b6c6f67696e5f69647c733a313a2231223b757365726e616d657c733a353a2261646d696e223b66697273746e616d657c733a31333a224e6f6572746862616e6b6b6f6b223b6c6173746e616d657c733a31303a22556e6976657273697479223b696d677c733a31373a22353639323365653139346439302e6a7067223b757365725f747970657c733a343a22726f6f74223b),
('bedf841b89b39f9f54e92bd52b1eb910756da532', '14.207.82.137', 1490472962, 0x5f5f63695f6c6173745f726567656e65726174657c693a313439303437323936323b6c6f67696e5f69647c733a313a2231223b757365726e616d657c733a353a2261646d696e223b66697273746e616d657c733a31333a224e6f6572746862616e6b6b6f6b223b6c6173746e616d657c733a31303a22556e6976657273697479223b696d677c733a31373a22353639323365653139346439302e6a7067223b757365725f747970657c733a343a22726f6f74223b),
('c448b8a2177589b37a0db00d548135020df3eab7', '66.102.6.87', 1492004054, 0x5f5f63695f6c6173745f726567656e65726174657c693a313439323030343035343b),
('c50046f38bfb0116817a985037272b4ca0d4e506', '14.207.82.137', 1490473730, 0x5f5f63695f6c6173745f726567656e65726174657c693a313439303437333733303b6c6f67696e5f69647c733a313a2231223b757365726e616d657c733a353a2261646d696e223b66697273746e616d657c733a31333a224e6f6572746862616e6b6b6f6b223b6c6173746e616d657c733a31303a22556e6976657273697479223b696d677c733a31373a22353639323365653139346439302e6a7067223b757365725f747970657c733a343a22726f6f74223b),
('c551935c3a822b1c637da4ef4db2fd97a222a9fc', '58.181.193.10', 1490154336, 0x5f5f63695f6c6173745f726567656e65726174657c693a313439303135343333363b6c6f67696e5f69647c733a313a2231223b757365726e616d657c733a353a2261646d696e223b66697273746e616d657c733a31333a224e6f6572746862616e6b6b6f6b223b6c6173746e616d657c733a31303a22556e6976657273697479223b696d677c733a31373a22353639323365653139346439302e6a7067223b757365725f747970657c733a343a22726f6f74223b),
('c71c978dd95ba179e6097550cc5b8bd5cdb731c8', '14.207.82.137', 1490473413, 0x5f5f63695f6c6173745f726567656e65726174657c693a313439303437333431333b6c6f67696e5f69647c733a313a2231223b757365726e616d657c733a353a2261646d696e223b66697273746e616d657c733a31333a224e6f6572746862616e6b6b6f6b223b6c6173746e616d657c733a31303a22556e6976657273697479223b696d677c733a31373a22353639323365653139346439302e6a7067223b757365725f747970657c733a343a22726f6f74223b),
('c8b628336325d24906c4ed4598b46626ddd5cb6a', '14.207.82.137', 1490480457, 0x5f5f63695f6c6173745f726567656e65726174657c693a313439303438303433323b6c6f67696e5f69647c733a313a2231223b757365726e616d657c733a353a2261646d696e223b66697273746e616d657c733a31333a224e6f6572746862616e6b6b6f6b223b6c6173746e616d657c733a31303a22556e6976657273697479223b696d677c733a31373a22353639323365653139346439302e6a7067223b757365725f747970657c733a343a22726f6f74223b),
('ca910702f310b59a144496deec7352a525acdb10', '180.183.136.15', 1490641692, 0x5f5f63695f6c6173745f726567656e65726174657c693a313439303634313639323b6c6f67696e5f69647c733a313a2231223b757365726e616d657c733a353a2261646d696e223b66697273746e616d657c733a31333a224e6f6572746862616e6b6b6f6b223b6c6173746e616d657c733a31303a22556e6976657273697479223b696d677c733a31373a22353639323365653139346439302e6a7067223b757365725f747970657c733a343a22726f6f74223b),
('cb158aaf57554959c3ec0b35c5951c808adb1bdc', '180.183.141.153', 1489855492, 0x5f5f63695f6c6173745f726567656e65726174657c693a313438393835353439323b6c6f67696e5f69647c733a313a2231223b757365726e616d657c733a353a2261646d696e223b66697273746e616d657c733a31333a224e6f6572746862616e6b6b6f6b223b6c6173746e616d657c733a31303a22556e6976657273697479223b696d677c733a31373a22353639323365653139346439302e6a7067223b757365725f747970657c733a343a22726f6f74223b),
('cef71fc04baf37df4d06c1a302c774817651a510', '180.183.141.153', 1489849937, 0x5f5f63695f6c6173745f726567656e65726174657c693a313438393834393933373b6c6f67696e5f69647c733a323a223435223b757365726e616d657c733a383a22616e75736f6e6464223b66697273746e616d657c733a363a22616e75736f6e223b6c6173746e616d657c733a353a226475616e67223b696d677c733a31373a22353639323365653139346439302e6a7067223b757365725f747970657c733a343a22726f6f74223b),
('d0194f6852ecae890200ae8dc57e0c83ac4c6587', '58.181.193.10', 1490685551, 0x5f5f63695f6c6173745f726567656e65726174657c693a313439303638353535313b5f5f63695f766172737c613a303a7b7d6c6f67696e5f69647c733a313a2231223b757365726e616d657c733a353a2261646d696e223b66697273746e616d657c733a31333a224e6f6572746862616e6b6b6f6b223b6c6173746e616d657c733a31303a22556e6976657273697479223b696d677c733a31373a22353639323365653139346439302e6a7067223b757365725f747970657c733a343a22726f6f74223b),
('d689bec65673b88d1de1e2d23a04be0c361deff7', '14.207.82.137', 1490202588, 0x5f5f63695f6c6173745f726567656e65726174657c693a313439303230323538383b6c6f67696e5f69647c733a313a2231223b757365726e616d657c733a353a2261646d696e223b66697273746e616d657c733a31333a224e6f6572746862616e6b6b6f6b223b6c6173746e616d657c733a31303a22556e6976657273697479223b696d677c733a31373a22353639323365653139346439302e6a7067223b757365725f747970657c733a343a22726f6f74223b),
('d700bb243edb3b231d7189ce74d2f63e55d84cec', '66.102.6.88', 1490848973, 0x5f5f63695f6c6173745f726567656e65726174657c693a313439303834383937333b),
('d96ddae1bc4c281a2accbad5671521e47c8d6c3f', '58.181.193.10', 1490158186, 0x5f5f63695f6c6173745f726567656e65726174657c693a313439303135383138363b6c6f67696e5f69647c733a313a2231223b757365726e616d657c733a353a2261646d696e223b66697273746e616d657c733a31333a224e6f6572746862616e6b6b6f6b223b6c6173746e616d657c733a31303a22556e6976657273697479223b696d677c733a31373a22353639323365653139346439302e6a7067223b757365725f747970657c733a343a22726f6f74223b),
('ddbced23481920db24295461973b89474d05b738', '180.183.141.153', 1489848965, 0x5f5f63695f6c6173745f726567656e65726174657c693a313438393834383936353b6c6f67696e5f69647c733a323a223435223b757365726e616d657c733a383a22616e75736f6e6464223b66697273746e616d657c733a363a22616e75736f6e223b6c6173746e616d657c733a353a226475616e67223b696d677c733a31373a22353639323365653139346439302e6a7067223b757365725f747970657c733a343a22726f6f74223b),
('df058adb2ff7fea3ccc92ac034cc2cc3eda476e4', '58.181.193.10', 1490090300, 0x5f5f63695f6c6173745f726567656e65726174657c693a313439303039303330303b6c6f67696e5f69647c733a313a2231223b757365726e616d657c733a353a2261646d696e223b66697273746e616d657c733a31333a224e6f6572746862616e6b6b6f6b223b6c6173746e616d657c733a31303a22556e6976657273697479223b696d677c733a31373a22353639323365653139346439302e6a7067223b757365725f747970657c733a343a22726f6f74223b),
('dfb0f351a44419bdf8c03676401a8c241cec2079', '14.207.82.137', 1490101399, 0x5f5f63695f6c6173745f726567656e65726174657c693a313439303130313339393b6c6f67696e5f69647c733a313a2231223b757365726e616d657c733a353a2261646d696e223b66697273746e616d657c733a31333a224e6f6572746862616e6b6b6f6b223b6c6173746e616d657c733a31303a22556e6976657273697479223b696d677c733a31373a22353639323365653139346439302e6a7067223b757365725f747970657c733a343a22726f6f74223b),
('e08e8d1da90b6584df72fe1d1f6db9d4949bc07e', '66.102.6.88', 1491943768, 0x5f5f63695f6c6173745f726567656e65726174657c693a313439313934333736383b),
('e1fdaf7708bfaa91141fc6362ddb9ec95ac84214', '1.47.133.27', 1492412017, 0x5f5f63695f6c6173745f726567656e65726174657c693a313439323431323031373b),
('e3771ff858b817fefaf23660afc298cb7c7ceaa2', '180.183.136.15', 1490651488, 0x5f5f63695f6c6173745f726567656e65726174657c693a313439303635313438383b6c6f67696e5f69647c733a313a2231223b757365726e616d657c733a353a2261646d696e223b66697273746e616d657c733a31333a224e6f6572746862616e6b6b6f6b223b6c6173746e616d657c733a31303a22556e6976657273697479223b696d677c733a31373a22353639323365653139346439302e6a7067223b757365725f747970657c733a343a22726f6f74223b),
('e603d951257f552fa2c6d76d015d8eb801e37347', '14.207.82.137', 1490475753, 0x5f5f63695f6c6173745f726567656e65726174657c693a313439303437353735333b6c6f67696e5f69647c733a313a2231223b757365726e616d657c733a353a2261646d696e223b66697273746e616d657c733a31333a224e6f6572746862616e6b6b6f6b223b6c6173746e616d657c733a31303a22556e6976657273697479223b696d677c733a31373a22353639323365653139346439302e6a7067223b757365725f747970657c733a343a22726f6f74223b),
('e813c3e7f4c8d277e0f92dd07e012ff7b9e4f224', '14.207.82.137', 1490205759, 0x5f5f63695f6c6173745f726567656e65726174657c693a313439303230353735393b6c6f67696e5f69647c733a313a2231223b757365726e616d657c733a353a2261646d696e223b66697273746e616d657c733a31333a224e6f6572746862616e6b6b6f6b223b6c6173746e616d657c733a31303a22556e6976657273697479223b696d677c733a31373a22353639323365653139346439302e6a7067223b757365725f747970657c733a343a22726f6f74223b),
('e8fa43a2966804405d072d0634578a6065a8de15', '58.181.193.10', 1489895886, 0x5f5f63695f6c6173745f726567656e65726174657c693a313438393839353838363b6c6f67696e5f69647c733a313a2231223b757365726e616d657c733a353a2261646d696e223b66697273746e616d657c733a31333a224e6f6572746862616e6b6b6f6b223b6c6173746e616d657c733a31303a22556e6976657273697479223b696d677c733a31373a22353639323365653139346439302e6a7067223b757365725f747970657c733a343a22726f6f74223b),
('e9de9f1c8cd64a462ca98bf3d287367c23b2d18a', '66.102.6.10', 1490083822, 0x5f5f63695f6c6173745f726567656e65726174657c693a313439303038333832323b),
('ea5b441c714c2d886d669854d3d9ebc344aed61c', '66.102.6.151', 1490458643, 0x5f5f63695f6c6173745f726567656e65726174657c693a313439303435383634333b),
('eef178cf48ea607d0024a253e73feafce75f159c', '107.170.73.79', 1489975798, 0x5f5f63695f6c6173745f726567656e65726174657c693a313438393937353739383b),
('f0191632107a727241c5a4880c745fe4abba1ae5', '66.102.6.8', 1489678296, 0x5f5f63695f6c6173745f726567656e65726174657c693a313438393637383239363b),
('f0b947573a8da398959a747e055ceadd6673afa5', '58.181.193.10', 1490685021, 0x5f5f63695f6c6173745f726567656e65726174657c693a313439303638353032313b5f5f63695f766172737c613a303a7b7d6c6f67696e5f69647c733a313a2231223b757365726e616d657c733a353a2261646d696e223b66697273746e616d657c733a31333a224e6f6572746862616e6b6b6f6b223b6c6173746e616d657c733a31303a22556e6976657273697479223b696d677c733a31373a22353639323365653139346439302e6a7067223b757365725f747970657c733a343a22726f6f74223b),
('f2096d931afd76c97feefe76d592a9b474f50272', '14.207.171.233', 1491661700, 0x5f5f63695f6c6173745f726567656e65726174657c693a313439313636313730303b),
('f2ef37974883952a9082c2523f5401fc656726f5', '14.207.82.137', 1490201206, 0x5f5f63695f6c6173745f726567656e65726174657c693a313439303230313230363b6c6f67696e5f69647c733a313a2231223b757365726e616d657c733a353a2261646d696e223b66697273746e616d657c733a31333a224e6f6572746862616e6b6b6f6b223b6c6173746e616d657c733a31303a22556e6976657273697479223b696d677c733a31373a22353639323365653139346439302e6a7067223b757365725f747970657c733a343a22726f6f74223b),
('f39098482ea992e46f0e164066ac70ba3c5e39d4', '14.207.179.85', 1492231678, 0x5f5f63695f6c6173745f726567656e65726174657c693a313439323233313637383b),
('f3a9dbe2819a3e0c74dd0971ee1ea83a73d1dfe9', '66.102.6.6', 1490077656, 0x5f5f63695f6c6173745f726567656e65726174657c693a313439303037373635363b),
('f3b27890b66fbc94aee81a08686986292d3b720f', '14.207.82.137', 1490203178, 0x5f5f63695f6c6173745f726567656e65726174657c693a313439303230333137383b6c6f67696e5f69647c733a313a2231223b757365726e616d657c733a353a2261646d696e223b66697273746e616d657c733a31333a224e6f6572746862616e6b6b6f6b223b6c6173746e616d657c733a31303a22556e6976657273697479223b696d677c733a31373a22353639323365653139346439302e6a7067223b757365725f747970657c733a343a22726f6f74223b6d7367696e666f7c733a3233353a223c64697620636c6173733d22706164206d617267696e206e6f2d7072696e74223e3c646976207374796c653d226d617267696e2d626f74746f6d3a203021696d706f7274616e743b2220636c6173733d2263616c6c6f75742063616c6c6f75742d696e666f223e3c68343e3c6920636c6173733d2266612066612d696e666f223e3c2f693e20e0b882e0b989e0b8ade0b884e0b8a7e0b8b2e0b8a1e0b888e0b8b2e0b881e0b8a3e0b8b0e0b89ae0b89a3c2f68343ee0b897e0b8b3e0b8a3e0b8b2e0b8a2e0b881e0b8b2e0b8a3e0b8aae0b8b3e0b980e0b8a3e0b987e0b8883c2f6469763e3c2f6469763e223b5f5f63695f766172737c613a313a7b733a373a226d7367696e666f223b733a333a226f6c64223b7d),
('f4bec8b568df8c1ff5d79782da68025cbbc2dff6', '14.207.82.137', 1490204065, 0x5f5f63695f6c6173745f726567656e65726174657c693a313439303230343036353b6c6f67696e5f69647c733a313a2231223b757365726e616d657c733a353a2261646d696e223b66697273746e616d657c733a31333a224e6f6572746862616e6b6b6f6b223b6c6173746e616d657c733a31303a22556e6976657273697479223b696d677c733a31373a22353639323365653139346439302e6a7067223b757365725f747970657c733a343a22726f6f74223b),
('f51208123ef34167e58e88bd8c105201e761f8c8', '14.207.82.137', 1490471585, 0x5f5f63695f6c6173745f726567656e65726174657c693a313439303437313538353b),
('f7984371bb5d92e37c3d990a47fa76d8820eee01', '14.207.82.137', 1490472644, 0x5f5f63695f6c6173745f726567656e65726174657c693a313439303437323634343b6c6f67696e5f69647c733a313a2231223b757365726e616d657c733a353a2261646d696e223b66697273746e616d657c733a31333a224e6f6572746862616e6b6b6f6b223b6c6173746e616d657c733a31303a22556e6976657273697479223b696d677c733a31373a22353639323365653139346439302e6a7067223b757365725f747970657c733a343a22726f6f74223b),
('f902a24e9704aaaf3d1a5588e09bd8f498843d4c', '14.207.82.137', 1490477274, 0x5f5f63695f6c6173745f726567656e65726174657c693a313439303437373237343b6c6f67696e5f69647c733a313a2231223b757365726e616d657c733a353a2261646d696e223b66697273746e616d657c733a31333a224e6f6572746862616e6b6b6f6b223b6c6173746e616d657c733a31303a22556e6976657273697479223b696d677c733a31373a22353639323365653139346439302e6a7067223b757365725f747970657c733a343a22726f6f74223b),
('f963ce69afe2614f12a38a22924c92d9a6bf81cc', '14.207.82.137', 1490475452, 0x5f5f63695f6c6173745f726567656e65726174657c693a313439303437353435323b6c6f67696e5f69647c733a313a2231223b757365726e616d657c733a353a2261646d696e223b66697273746e616d657c733a31333a224e6f6572746862616e6b6b6f6b223b6c6173746e616d657c733a31303a22556e6976657273697479223b696d677c733a31373a22353639323365653139346439302e6a7067223b757365725f747970657c733a343a22726f6f74223b),
('fab95e4bee0f66bb54972a8617196fd6af12d140', '223.24.80.213', 1490649054, 0x5f5f63695f6c6173745f726567656e65726174657c693a313439303634383832333b6c6f67696e5f69647c733a313a2231223b757365726e616d657c733a353a2261646d696e223b66697273746e616d657c733a31333a224e6f6572746862616e6b6b6f6b223b6c6173746e616d657c733a31303a22556e6976657273697479223b696d677c733a31373a22353639323365653139346439302e6a7067223b757365725f747970657c733a343a22726f6f74223b),
('fb1fbfc7a8d19d198132af19687fccd2b4d9326e', '66.102.6.150', 1490641111, 0x5f5f63695f6c6173745f726567656e65726174657c693a313439303634313131313b),
('fb43bc586a3c319c055b1f60cc34cd0cb8c9d2f7', '66.102.6.150', 1489938441, 0x5f5f63695f6c6173745f726567656e65726174657c693a313438393933383434313b),
('fcefee56f8a64663b5940d0e5c7b3e142b510f48', '14.207.82.137', 1490102002, 0x5f5f63695f6c6173745f726567656e65726174657c693a313439303130323030323b6c6f67696e5f69647c733a313a2231223b757365726e616d657c733a353a2261646d696e223b66697273746e616d657c733a31333a224e6f6572746862616e6b6b6f6b223b6c6173746e616d657c733a31303a22556e6976657273697479223b696d677c733a31373a22353639323365653139346439302e6a7067223b757365725f747970657c733a343a22726f6f74223b),
('fd5a10a5815df6c777b73a454415f37373813a0c', '180.183.136.15', 1490657113, 0x5f5f63695f6c6173745f726567656e65726174657c693a313439303635373131333b6c6f67696e5f69647c733a313a2231223b757365726e616d657c733a353a2261646d696e223b66697273746e616d657c733a31333a224e6f6572746862616e6b6b6f6b223b6c6173746e616d657c733a31303a22556e6976657273697479223b696d677c733a31373a22353639323365653139346439302e6a7067223b757365725f747970657c733a343a22726f6f74223b6572726f725f626172636f64657c733a303a22223b6572726f725f6974656d6e616d657c733a303a22223b6572726f725f6f70656e5f7174797c733a303a22223b6572726f725f756e69747c733a303a22223b6572726f725f6f70656e5f646174657c733a34313a223c703ee0b884e0b988e0b8b2e0b8abe0b989e0b8b2e0b8a1e0b8a7e0b988e0b8b2e0b887213c2f703e223b6572726f725f6f70656e5f656e7472797c733a34313a223c703ee0b884e0b988e0b8b2e0b8abe0b989e0b8b2e0b8a1e0b8a7e0b988e0b8b2e0b887213c2f703e223b6572726f725f6c6f636174696f6e5f6e616d657c733a34313a223c703ee0b884e0b988e0b8b2e0b8abe0b989e0b8b2e0b8a1e0b8a7e0b988e0b8b2e0b887213c2f703e223b6974656d5f69647c733a313a2235223b6c6f636174696f6e5f69647c733a303a22223b626172636f64657c733a31323a22393232313333333635383731223b6974656d6e616d657c733a37313a22e0b8abe0b899e0b989e0b8b2e0b888e0b8ade0b884e0b8ade0b8a1e0b89ee0b8b4e0b8a7e0b980e0b895e0b8ade0b8a3e0b98c204c434420e0b8a3e0b8b8e0b988e0b899204c47223b6f70656e5f7174797c733a313a2231223b756e69747c733a32313a22e0b980e0b884e0b8a3e0b8b7e0b988e0b8ade0b887223b6f70656e5f646174657c733a303a22223b6f70656e5f656e7472797c733a303a22223b6c6f636174696f6e5f6e616d657c733a303a22223b5f5f63695f766172737c613a31363a7b733a31333a226572726f725f626172636f6465223b733a333a226f6c64223b733a31343a226572726f725f6974656d6e616d65223b733a333a226f6c64223b733a31343a226572726f725f6f70656e5f717479223b733a333a226f6c64223b733a31303a226572726f725f756e6974223b733a333a226f6c64223b733a31353a226572726f725f6f70656e5f64617465223b733a333a226f6c64223b733a31363a226572726f725f6f70656e5f656e747279223b733a333a226f6c64223b733a31393a226572726f725f6c6f636174696f6e5f6e616d65223b733a333a226f6c64223b733a373a226974656d5f6964223b733a333a226f6c64223b733a31313a226c6f636174696f6e5f6964223b733a333a226f6c64223b733a373a22626172636f6465223b733a333a226f6c64223b733a383a226974656d6e616d65223b733a333a226f6c64223b733a383a226f70656e5f717479223b733a333a226f6c64223b733a343a22756e6974223b733a333a226f6c64223b733a393a226f70656e5f64617465223b733a333a226f6c64223b733a31303a226f70656e5f656e747279223b733a333a226f6c64223b733a31333a226c6f636174696f6e5f6e616d65223b733a333a226f6c64223b7d);

-- --------------------------------------------------------

--
-- Table structure for table `st_customers`
--

CREATE TABLE `st_customers` (
  `id` int(11) NOT NULL DEFAULT '0',
  `firstname` varchar(30) COLLATE utf8_unicode_ci NOT NULL,
  `lastname` varchar(30) COLLATE utf8_unicode_ci DEFAULT NULL,
  `phone` varchar(20) COLLATE utf8_unicode_ci DEFAULT NULL,
  `email` varchar(50) COLLATE utf8_unicode_ci DEFAULT NULL,
  `Facebook` varchar(50) COLLATE utf8_unicode_ci DEFAULT NULL,
  `filename` varchar(100) COLLATE utf8_unicode_ci NOT NULL DEFAULT '56923ee194d90.jpg',
  `line` varchar(50) COLLATE utf8_unicode_ci DEFAULT NULL,
  `instargram` varchar(50) COLLATE utf8_unicode_ci DEFAULT NULL,
  `id_users` int(50) NOT NULL,
  `Address` varchar(500) COLLATE utf8_unicode_ci NOT NULL,
  `City` varchar(50) COLLATE utf8_unicode_ci NOT NULL,
  `State` varchar(50) COLLATE utf8_unicode_ci NOT NULL,
  `Postal_Code` int(20) NOT NULL,
  `Country` varchar(100) COLLATE utf8_unicode_ci NOT NULL
) ENGINE=InnoDB DEFAULT CHARSET=utf8 COLLATE=utf8_unicode_ci;

--
-- Dumping data for table `st_customers`
--

INSERT INTO `st_customers` (`id`, `firstname`, `lastname`, `phone`, `email`, `Facebook`, `filename`, `line`, `instargram`, `id_users`, `Address`, `City`, `State`, `Postal_Code`, `Country`) VALUES
(1, 'Noerthbankkok', 'University', '0940282690', 'anusondd@gmail.com', 'Developer', '56923ee194d90.jpg', 'anusonddg', 'anusondd', 1, '', '', '', 0, ''),
(18, '', '', '0639639040', 'anusondd@gmail.com', 'jeeradech', '58942c268a681.jpg', '', '', 1, '', '', '', 0, ''),
(20, '', '', '0962759883', 'tabac_115@hotmail.com', ' ', '58942d23b8421.jpg', '', '', 1, '', '', '', 0, ''),
(21, '', '', '0955757639', 'sashuanfsay@gmail.com', 'IG  nut.jrw', '58942d9bc8db2.jpg', '', '', 1, '', '', '', 0, ''),
(22, 'Kridsana', 'Autarmad', '0992130810', 'orockshadowo@gmail.com', 'Kridsana Autarmad', '58942e3b1eb6b.jpg', '', '', 1, '', '', '', 0, ''),
(23, '', '', '0927671707', 'tnn.guitar@gmail.com', '', '', '', '', 1, '', '', '', 0, ''),
(24, '', '', '0995282769', '', 'ploy22.07', '589430000a092.jpg', '', '', 1, '', '', '', 0, ''),
(25, '', '', '0926031277', 'wissrut_peak@hotmail.com', '', '', '', '', 1, '', '', '', 0, ''),
(26, '', '', '0943490019', '', ' ', '5894322d96c7d.jpg', '', '', 1, '', '', '', 0, ''),
(27, '', '', '0614899768', '', 'Janejira Somse', '', '', '', 1, '', '', '', 0, ''),
(28, '', '', '0980300366', '', 'maker milky milk', '', '', '', 1, '', '', '', 0, ''),
(29, '', '', '0935688710', '', 'nong prang', '5894336956aa5.jpg', '', '', 1, '', '', '', 0, ''),
(30, '', '', '0940049400', '', 'priaew', '', '', '', 1, '', '', '', 0, ''),
(31, '', '', '0940618830', 'orayaaum@hotmail.com', 'Oraya Aum', '', '', '', 1, '', '', '', 0, ''),
(32, '', '', '0910500583', 'pla5170@hotmail.com', 'Plaza Is', '', '', '', 1, '', '', '', 0, ''),
(33, '', '', '0939735694', 'suichok_2541@homail.com', 'suichk rathakom', '', '', '', 1, '', '', '', 0, ''),
(34, '', '', '0957726246', 'tienhong22@gmail.com', '', '', '', '', 1, '', '', '', 0, ''),
(35, 'ratchaphonwat ', 'deekrun', '0965676275', 'nsi_chad@hotmail.com', 'ratchaphonwat deekrun', '', '', '', 1, '', '', '', 0, ''),
(36, '', '', '', '', '', '', '', '', 1, '', '', '', 0, ''),
(42, 'justinbb', 'minbb', NULL, 'k12club@hotmail.com', NULL, '56923ee194d90.jpg', '', '', 1, '', '', '', 0, ''),
(43, 'justinbb', 'minbb', NULL, 'k12club@hotmail.com', NULL, '56923ee194d90.jpg', '', '', 1, '', '', '', 0, ''),
(44, 'jetreda', 'air', NULL, 'jet@gmail.com', NULL, '56923ee194d90.jpg', '', '', 1, '', '', '', 0, ''),
(0, '', '', '0958764363', 'susuk@gmail.com', 'sukuk', '589ed5b2393b0.jpg', 'kusuk', '@sukuk', 1, '', '', '', 0, '');

-- --------------------------------------------------------

--
-- Table structure for table `st_inventories`
--

CREATE TABLE `st_inventories` (
  `item_id` int(11) NOT NULL,
  `location_id` int(11) NOT NULL,
  `open` decimal(18,2) NOT NULL,
  `adjustment` decimal(18,2) NOT NULL,
  `receipt` decimal(18,2) NOT NULL,
  `issue` decimal(18,2) NOT NULL
) ENGINE=InnoDB DEFAULT CHARSET=utf8 COLLATE=utf8_unicode_ci;

--
-- Dumping data for table `st_inventories`
--

INSERT INTO `st_inventories` (`item_id`, `location_id`, `open`, `adjustment`, `receipt`, `issue`) VALUES
(5, 1, '0.00', '36.00', '20.00', '0.00'),
(5, 2, '0.00', '0.00', '1.00', '0.00'),
(5, 3, '0.00', '0.00', '1.00', '0.00'),
(6, 1, '0.00', '1.00', '16.00', '0.00'),
(9, 1, '0.00', '0.00', '30.00', '0.00');

-- --------------------------------------------------------

--
-- Table structure for table `st_inventoryflows`
--

CREATE TABLE `st_inventoryflows` (
  `id` int(11) NOT NULL,
  `item_id` int(11) NOT NULL,
  `itemname` varchar(100) COLLATE utf8_unicode_ci NOT NULL,
  `location_id` int(11) NOT NULL,
  `locationname` varchar(50) COLLATE utf8_unicode_ci NOT NULL,
  `transqty` decimal(18,2) NOT NULL,
  `unit` varchar(50) COLLATE utf8_unicode_ci NOT NULL,
  `transtype` enum('open','return','receipt') COLLATE utf8_unicode_ci NOT NULL,
  `transdate` datetime NOT NULL,
  `created` datetime NOT NULL,
  `user_id` int(11) NOT NULL
) ENGINE=InnoDB DEFAULT CHARSET=utf8 COLLATE=utf8_unicode_ci;

--
-- Dumping data for table `st_inventoryflows`
--

INSERT INTO `st_inventoryflows` (`id`, `item_id`, `itemname`, `location_id`, `locationname`, `transqty`, `unit`, `transtype`, `transdate`, `created`, `user_id`) VALUES
(1, 6, ' ', 1, '', '15.00', '', 'receipt', '2016-02-19 00:00:00', '2016-02-19 17:21:17', 1),
(2, 6, ' ', 1, '', '1.00', '', 'receipt', '2016-02-19 00:00:00', '2016-02-19 17:22:14', 1),
(3, 9, ' Logitech 3300', 1, '', '10.00', '', 'receipt', '2016-02-19 00:00:00', '2016-02-19 17:22:29', 1),
(4, 5, ' LCD  LG', 3, '', '1.00', '', 'open', '2016-02-19 00:00:00', '2016-02-19 17:22:55', 1),
(5, 5, ' LCD  LG', 1, '', '11.00', '', 'open', '2016-02-19 00:00:00', '2016-02-19 17:23:35', 1),
(6, 5, ' LCD  LG', 1, '', '20.00', '', 'receipt', '2016-02-19 00:00:00', '2016-02-19 17:24:10', 1),
(7, 5, ' LCD  LG', 2, '', '1.00', '', 'receipt', '2016-02-19 00:00:00', '2016-02-19 17:59:03', 1),
(8, 5, ' LCD  LG', 3, '', '1.00', '', 'return', '2016-02-19 00:00:00', '2016-02-19 17:59:51', 1),
(9, 5, ' LCD  LG', 3, '', '1.00', '', 'open', '2016-02-22 00:00:00', '2016-02-21 18:24:31', 1),
(10, 5, ' LCD  LG', 3, '', '1.00', '', 'receipt', '2016-02-22 00:00:00', '2016-02-21 18:31:03', 1),
(11, 5, ' LCD  LG', 1, '', '5.00', '', 'open', '2016-02-22 00:00:00', '2016-02-21 18:31:40', 1),
(12, 5, ' LCD  LG', 3, '', '1.00', '', 'return', '2016-02-22 00:00:00', '2016-02-21 18:32:16', 1),
(13, 6, ' ', 1, '', '1.00', '', 'open', '2016-02-22 00:00:00', '2016-02-22 17:22:46', 1),
(14, 5, ' LCD  LG', 1, '', '3.00', '', 'return', '2016-02-22 00:00:00', '2016-02-22 17:23:05', 1),
(15, 5, ' LCD  LG', 3, '', '5.00', '', 'open', '2016-03-04 00:00:00', '2016-03-04 13:37:28', 1),
(16, 5, ' LCD  LG', 3, '', '5.00', '', 'return', '2016-03-04 00:00:00', '2016-03-04 13:38:02', 1),
(17, 9, ' Logitech 3300', 1, '', '20.00', '', 'receipt', '2017-01-28 00:00:00', '2017-01-28 11:52:29', 1),
(18, 5, ' LCD  LG', 1, '', '2.00', '', 'open', '2017-02-07 00:00:00', '2017-02-07 14:35:35', 1),
(19, 5, ' LCD  LG', 1, '', '1.00', '', 'open', '2017-03-02 00:00:00', '2017-02-07 19:48:56', 18),
(20, 5, ' LCD  LG', 1, '', '20.00', '', 'open', '2017-03-16 00:00:00', '2017-03-15 21:20:37', 1),
(21, 9, ' Logitech 3300', 1, '', '0.00', '', 'open', '2017-03-25 00:00:00', '2017-03-18 15:56:01', 1),
(22, 9, ' Logitech 3300', 1, '', '0.00', '', 'open', '2017-03-25 00:00:00', '2017-03-18 15:58:30', 1);

-- --------------------------------------------------------

--
-- Table structure for table `st_items`
--

CREATE TABLE `st_items` (
  `id` int(11) NOT NULL,
  `name` varchar(100) COLLATE utf8_unicode_ci NOT NULL,
  `barcode` varchar(50) COLLATE utf8_unicode_ci DEFAULT NULL,
  `price` decimal(18,2) NOT NULL DEFAULT '0.00',
  `unit` varchar(50) COLLATE utf8_unicode_ci NOT NULL,
  `itemtype_id` int(11) NOT NULL,
  `description` text COLLATE utf8_unicode_ci NOT NULL,
  `filename` varchar(100) COLLATE utf8_unicode_ci NOT NULL,
  `id_users` int(11) DEFAULT NULL
) ENGINE=InnoDB DEFAULT CHARSET=utf8 COLLATE=utf8_unicode_ci;

--
-- Dumping data for table `st_items`
--

INSERT INTO `st_items` (`id`, `name`, `barcode`, `price`, `unit`, `itemtype_id`, `description`, `filename`, `id_users`) VALUES
(5, ' LCD  LG', '922133365871', '3500.00', '', 6, '', '568c00bde7890.jpg', 1),
(9, ' Logitech 3300', '45678887', '299.00', '', 6, '\r\n USB', '569fbd6d7c138.jpg', 1),
(10, 'ASUS ZENBOOK UX303UB-R4052T ROSE GOLD', 'UX303UB-R4052T', '32890.00', '', 10, '', '589a1874b6c02.jpg', 1),
(11, '30 TB SEAGATE SATA-III 64MB (ST3000DM008)', 'ST3000DM008', '3590.00', '', 6, '', '589a2fdddba45.jpg', 1),
(12, 'BLUETOOTH USB AUDIO AVANTREE ADAPTER DG50 LEAF', ' DG50 LEAF', '1690.00', '', 6, '', '589a30216afb5.jpg', 1),
(13, 'DRONE DJI PHANTOM 4 (UK)', '6958265112546', '38500.00', '', 6, '', '589a30817c033.jpg', 1);

-- --------------------------------------------------------

--
-- Table structure for table `st_itemtypes`
--

CREATE TABLE `st_itemtypes` (
  `id` int(11) NOT NULL,
  `name` varchar(100) COLLATE utf8_unicode_ci NOT NULL,
  `description` text COLLATE utf8_unicode_ci NOT NULL
) ENGINE=InnoDB DEFAULT CHARSET=utf8 COLLATE=utf8_unicode_ci;

--
-- Dumping data for table `st_itemtypes`
--

INSERT INTO `st_itemtypes` (`id`, `name`, `description`) VALUES
(6, '', ''),
(7, '', ''),
(8, '', ''),
(9, '  ', ''),
(10, ' ', '');

-- --------------------------------------------------------

--
-- Table structure for table `st_locations`
--

CREATE TABLE `st_locations` (
  `id` int(11) NOT NULL,
  `name` varchar(50) COLLATE utf8_unicode_ci NOT NULL
) ENGINE=InnoDB DEFAULT CHARSET=utf8 COLLATE=utf8_unicode_ci;

--
-- Dumping data for table `st_locations`
--

INSERT INTO `st_locations` (`id`, `name`) VALUES
(1, ''),
(2, ''),
(3, '');

-- --------------------------------------------------------

--
-- Table structure for table `st_newflows`
--

CREATE TABLE `st_newflows` (
  `open_date` date NOT NULL,
  `name_customer` varchar(100) COLLATE utf8_unicode_ci NOT NULL COMMENT '',
  `flowstatus` enum('Waiting','Payed') COLLATE utf8_unicode_ci NOT NULL,
  `id_customer` int(10) NOT NULL,
  `id_users` int(11) NOT NULL,
  `id` int(11) NOT NULL,
  `Net` float NOT NULL,
  `Tack` varchar(50) COLLATE utf8_unicode_ci NOT NULL
) ENGINE=InnoDB DEFAULT CHARSET=utf8 COLLATE=utf8_unicode_ci;

--
-- Dumping data for table `st_newflows`
--

INSERT INTO `st_newflows` (`open_date`, `name_customer`, `flowstatus`, `id_customer`, `id_users`, `id`, `Net`, `Tack`) VALUES
('2017-03-26', '', 'Waiting', 24, 1, 1, 0, ''),
('2017-03-26', '', 'Waiting', 24, 1, 2, 0, ''),
('2017-03-23', '', 'Waiting', 24, 1, 3, 0, ''),
('2017-03-27', 'Noerthbankkok', 'Waiting', 1, 1, 5, 0, ''),
('2017-03-26', '', 'Waiting', 24, 1, 6, 0, ''),
('2017-03-28', 'Noerthbankkok', 'Waiting', 1, 1, 7, 0, ''),
('2017-03-21', '', 'Waiting', 23, 1, 8, 0, '');

-- --------------------------------------------------------

--
-- Table structure for table `st_openflows`
--

CREATE TABLE `st_openflows` (
  `id` int(11) NOT NULL,
  `item_id` int(11) NOT NULL,
  `itemname` varchar(100) COLLATE utf8_unicode_ci NOT NULL,
  `open_qty` decimal(18,2) NOT NULL,
  `return_qty` decimal(18,2) NOT NULL,
  `unit` varchar(50) COLLATE utf8_unicode_ci NOT NULL,
  `open_date` datetime NOT NULL,
  `return_date` datetime NOT NULL,
  `open_entry` varchar(100) COLLATE utf8_unicode_ci NOT NULL COMMENT '',
  `return_entry` varchar(100) COLLATE utf8_unicode_ci NOT NULL,
  `open_location` int(11) NOT NULL,
  `return_location` int(11) NOT NULL,
  `flowstatus` tinyint(4) NOT NULL
) ENGINE=InnoDB DEFAULT CHARSET=utf8 COLLATE=utf8_unicode_ci;

--
-- Dumping data for table `st_openflows`
--

INSERT INTO `st_openflows` (`id`, `item_id`, `itemname`, `open_qty`, `return_qty`, `unit`, `open_date`, `return_date`, `open_entry`, `return_entry`, `open_location`, `return_location`, `flowstatus`) VALUES
(1, 5, ' LCD  LG', '1.00', '1.00', '', '2016-02-19 00:00:00', '2016-02-19 00:00:00', 'wishada', 'wishada', 3, 3, 0),
(2, 5, ' LCD  LG', '11.00', '0.00', '', '2016-02-19 00:00:00', '0000-00-00 00:00:00', 'tawatsak', '', 1, 0, 0),
(3, 5, ' LCD  LG', '1.00', '1.00', '', '2016-02-22 00:00:00', '2016-02-22 00:00:00', 'admin', 'admin', 3, 3, 1),
(4, 5, ' LCD  LG', '5.00', '3.00', '', '2016-02-22 00:00:00', '2016-02-22 00:00:00', 'wishada', 'wishada', 1, 1, 0),
(5, 6, ' ', '1.00', '0.00', '', '2016-02-22 00:00:00', '0000-00-00 00:00:00', 'tawatsak', '', 1, 0, 0),
(6, 5, ' LCD  LG', '5.00', '5.00', '', '2016-03-04 00:00:00', '2016-03-04 00:00:00', 'tawatsak', 'tawatsak', 3, 3, 1),
(7, 5, ' LCD  LG', '2.00', '0.00', '', '2017-02-07 00:00:00', '0000-00-00 00:00:00', 'admin', '', 1, 0, 0),
(8, 5, ' LCD  LG', '1.00', '0.00', '', '2017-03-02 00:00:00', '0000-00-00 00:00:00', 'Boerthbankkok', '', 1, 0, 0),
(9, 5, ' LCD  LG', '20.00', '0.00', '', '2017-03-16 00:00:00', '0000-00-00 00:00:00', 'Noerthbankkok', '', 1, 0, 0),
(10, 9, ' Logitech 3300', '0.00', '0.00', '', '2017-03-25 00:00:00', '0000-00-00 00:00:00', 'Noerthbankkok', '', 1, 0, 0),
(11, 9, ' Logitech 3300', '0.00', '0.00', '', '2017-03-25 00:00:00', '0000-00-00 00:00:00', 'Noerthbankkok', '', 1, 0, 0);

-- --------------------------------------------------------

--
-- Table structure for table `st_receipts`
--

CREATE TABLE `st_receipts` (
  `id` int(11) NOT NULL,
  `item_id` int(11) NOT NULL,
  `itemname` varchar(100) COLLATE utf8_unicode_ci NOT NULL,
  `qty` decimal(18,2) NOT NULL,
  `unit` varchar(50) COLLATE utf8_unicode_ci NOT NULL,
  `receipt_date` datetime NOT NULL,
  `receipt_entry` varchar(100) COLLATE utf8_unicode_ci NOT NULL,
  `location_id` int(11) NOT NULL
) ENGINE=InnoDB DEFAULT CHARSET=utf8 COLLATE=utf8_unicode_ci;

--
-- Dumping data for table `st_receipts`
--

INSERT INTO `st_receipts` (`id`, `item_id`, `itemname`, `qty`, `unit`, `receipt_date`, `receipt_entry`, `location_id`) VALUES
(1, 6, ' ', '15.00', '', '2016-02-19 00:00:00', 'tawatsak', 1),
(2, 6, ' ', '1.00', '', '2016-02-19 00:00:00', 'tawatsak', 1),
(3, 9, ' Logitech 3300', '10.00', '', '2016-02-19 00:00:00', 'wishada', 1),
(4, 5, ' LCD  LG', '20.00', '', '2016-02-19 00:00:00', 'tawatsak', 1),
(5, 5, ' LCD  LG', '1.00', '', '2016-02-19 00:00:00', 'tawatsak', 2),
(6, 5, ' LCD  LG', '1.00', '', '2016-02-22 00:00:00', 'admin', 3),
(7, 9, ' Logitech 3300', '20.00', '', '2017-01-28 00:00:00', 'wishada', 1);

-- --------------------------------------------------------

--
-- Table structure for table `st_reserve`
--

CREATE TABLE `st_reserve` (
  `id` int(11) NOT NULL,
  `id_users` int(20) NOT NULL,
  `itemname` varchar(200) COLLATE utf8_unicode_ci NOT NULL,
  `price` double NOT NULL,
  `barcode` varchar(100) COLLATE utf8_unicode_ci NOT NULL,
  `unit` varchar(50) COLLATE utf8_unicode_ci NOT NULL,
  `count` float NOT NULL,
  `id_flows` int(10) NOT NULL,
  `item_id` int(10) NOT NULL
) ENGINE=InnoDB DEFAULT CHARSET=utf8 COLLATE=utf8_unicode_ci;

-- --------------------------------------------------------

--
-- Table structure for table `st_users`
--

CREATE TABLE `st_users` (
  `id` int(11) NOT NULL,
  `firstname` varchar(30) COLLATE utf8_unicode_ci NOT NULL,
  `lastname` varchar(30) COLLATE utf8_unicode_ci DEFAULT NULL,
  `username` varchar(20) COLLATE utf8_unicode_ci NOT NULL,
  `password` varchar(50) COLLATE utf8_unicode_ci NOT NULL,
  `phone` varchar(20) COLLATE utf8_unicode_ci DEFAULT NULL,
  `email` varchar(50) COLLATE utf8_unicode_ci DEFAULT NULL,
  `department` varchar(50) COLLATE utf8_unicode_ci DEFAULT NULL,
  `user_type` enum('root','admin','staff') COLLATE utf8_unicode_ci NOT NULL,
  `filename` varchar(100) COLLATE utf8_unicode_ci NOT NULL DEFAULT '56923ee194d90.jpg'
) ENGINE=InnoDB DEFAULT CHARSET=utf8 COLLATE=utf8_unicode_ci;

--
-- Dumping data for table `st_users`
--

INSERT INTO `st_users` (`id`, `firstname`, `lastname`, `username`, `password`, `phone`, `email`, `department`, `user_type`, `filename`) VALUES
(1, 'Noerthbankkok', 'University', 'admin', '785ab65bef4898c928be2e096faf6ea6', '0940282690', 'anusondd@gmail.com', 'Developer', 'root', '56923ee194d90.jpg'),
(18, '', '', 'adminj', 'fff532540ed0f19d4c057d378275a01f', '0639639040', 'anusondd@gmail.com', 'jeeradech', 'root', '58942c268a681.jpg'),
(19, '', '', 'noniceeiei', '96f32c3f7ed14efc3a34b22dd4568ca9', '0958326447', 'nicemaza@gmail.com', 'No Nice', 'root', '58942ca954b62.jpg'),
(20, '', '', 'estest', '51d10aac7563804a18e563e78f588f1c', '0962759883', 'tabac_115@hotmail.com', ' ', 'root', '58942d23b8421.jpg'),
(21, '', '', 'mersiless', '10bfeec31f18a5d796480b4f2f4df4a9', '0955757639', 'sashuanfsay@gmail.com', 'IG  nut.jrw', 'root', '58942d9bc8db2.jpg'),
(22, 'Kridsana', 'Autarmad', 'ProNopTH', '40c83a1420a2ae27c6da6df5e3e9622c', '0992130810', 'orockshadowo@gmail.com', 'Kridsana Autarmad', 'root', '58942e3b1eb6b.jpg'),
(23, '', '', 'salanakof', 'f714f56be0a2500751411f9d48f707e5', '0927671707', 'tnn.guitar@gmail.com', '', 'root', ''),
(24, '', '', 'ploypear', '30437e91811feff4db3bcf3f3ae1320d', '0995282769', '', 'ploy22.07', 'staff', '589430000a092.jpg'),
(25, '', '', 'wissarut', '8b27712ac03094a94e4461706e7c3fd5', '0926031277', 'wissrut_peak@hotmail.com', '', 'root', ''),
(26, '', '', 'adminl', 'b3bf3479bc923723952e025beb948973', '0943490019', '', ' ', 'root', '5894322d96c7d.jpg'),
(27, '', '', 'adminh', '0ebef5dca2ca4ff7c837e4b93279480b', '0614899768', '', 'Janejira Somse', 'staff', ''),
(28, '', '', 'admin5', '4e78ed6a0a843d624cedb39be365aafe', '0980300366', '', 'maker milky milk', 'staff', ''),
(29, '', '', 'prang', '093a7aa25c77b5dc1fe3103ce5c58f31', '0935688710', '', 'nong prang', 'staff', '5894336956aa5.jpg'),
(30, '', '', 'priaew', '647f76c4c1e9e9a68aedf0fbf26a7dc8', '0940049400', '', 'priaew', 'staff', ''),
(31, '', '', 'oraya', 'af6b99d6c5dd2a3562342096a58184ed', '0940618830', 'orayaaum@hotmail.com', 'Oraya Aum', 'staff', ''),
(32, '', '', 'panasda', '1fb1e46794512a769626395224d66eb4', '0910500583', 'pla5170@hotmail.com', 'Plaza Is', 'staff', ''),
(33, '', '', 'sutichok', '0ff607613a50698de6fd9f5be2258c82', '0939735694', 'suichok_2541@homail.com', 'suichk rathakom', 'root', ''),
(34, '', '', 'tienthong22', 'e33e759543ceca638934076aa580a8f4', '0957726246', 'tienhong22@gmail.com', '', 'root', ''),
(35, 'ratchaphonwat ', 'deekrun', 'jj2541', '27f604be85271a21e86e5de4f016495c', '0965676275', 'nsi_chad@hotmail.com', 'ratchaphonwat deekrun', 'root', ''),
(36, '', '', 'phichayakan', 'a48ef05db8ef38e25788bb4485684b42', '', '', '', 'staff', ''),
(42, 'justinbb', 'minbb', 'justinminff', 'b54dcacb3e902c9fd68390172a5e13a4', NULL, 'k12club@hotmail.com', NULL, 'root', '56923ee194d90.jpg'),
(43, 'justinbb', 'minbb', 'justinminfff', '7fb0221c268869d6987445e7a07d7530', NULL, 'k12club@hotmail.com', NULL, 'root', '56923ee194d90.jpg'),
(44, 'jetreda', 'air', 'jetreda', '442d079bc583ceacede072355f19afd5', NULL, 'jet@gmail.com', NULL, 'root', '56923ee194d90.jpg'),
(45, 'anuson', 'duang', 'anusondd', '0c6496cfd1a997028c7735a0ec355662', NULL, 'anusondd@gmail.com', NULL, 'root', '56923ee194d90.jpg');

--
-- Indexes for dumped tables
--

--
-- Indexes for table `st_ci_sessions`
--
ALTER TABLE `st_ci_sessions`
  ADD PRIMARY KEY (`id`),
  ADD KEY `ci_sessions_timestamp` (`timestamp`);

--
-- Indexes for table `st_inventories`
--
ALTER TABLE `st_inventories`
  ADD PRIMARY KEY (`item_id`,`location_id`);

--
-- Indexes for table `st_inventoryflows`
--
ALTER TABLE `st_inventoryflows`
  ADD PRIMARY KEY (`id`);

--
-- Indexes for table `st_items`
--
ALTER TABLE `st_items`
  ADD PRIMARY KEY (`id`);

--
-- Indexes for table `st_itemtypes`
--
ALTER TABLE `st_itemtypes`
  ADD PRIMARY KEY (`id`);

--
-- Indexes for table `st_locations`
--
ALTER TABLE `st_locations`
  ADD PRIMARY KEY (`id`);

--
-- Indexes for table `st_newflows`
--
ALTER TABLE `st_newflows`
  ADD PRIMARY KEY (`id`);

--
-- Indexes for table `st_openflows`
--
ALTER TABLE `st_openflows`
  ADD PRIMARY KEY (`id`);

--
-- Indexes for table `st_receipts`
--
ALTER TABLE `st_receipts`
  ADD PRIMARY KEY (`id`);

--
-- Indexes for table `st_reserve`
--
ALTER TABLE `st_reserve`
  ADD PRIMARY KEY (`id`);

--
-- Indexes for table `st_users`
--
ALTER TABLE `st_users`
  ADD PRIMARY KEY (`id`),
  ADD KEY `id` (`id`),
  ADD KEY `firstname` (`firstname`),
  ADD KEY `firstname_2` (`firstname`),
  ADD KEY `firstname_3` (`firstname`);

--
-- AUTO_INCREMENT for dumped tables
--

--
-- AUTO_INCREMENT for table `st_inventoryflows`
--
ALTER TABLE `st_inventoryflows`
  MODIFY `id` int(11) NOT NULL AUTO_INCREMENT, AUTO_INCREMENT=23;
--
-- AUTO_INCREMENT for table `st_items`
--
ALTER TABLE `st_items`
  MODIFY `id` int(11) NOT NULL AUTO_INCREMENT, AUTO_INCREMENT=14;
--
-- AUTO_INCREMENT for table `st_itemtypes`
--
ALTER TABLE `st_itemtypes`
  MODIFY `id` int(11) NOT NULL AUTO_INCREMENT, AUTO_INCREMENT=11;
--
-- AUTO_INCREMENT for table `st_locations`
--
ALTER TABLE `st_locations`
  MODIFY `id` int(11) NOT NULL AUTO_INCREMENT, AUTO_INCREMENT=4;
--
-- AUTO_INCREMENT for table `st_newflows`
--
ALTER TABLE `st_newflows`
  MODIFY `id` int(11) NOT NULL AUTO_INCREMENT, AUTO_INCREMENT=9;
--
-- AUTO_INCREMENT for table `st_openflows`
--
ALTER TABLE `st_openflows`
  MODIFY `id` int(11) NOT NULL AUTO_INCREMENT, AUTO_INCREMENT=12;
--
-- AUTO_INCREMENT for table `st_receipts`
--
ALTER TABLE `st_receipts`
  MODIFY `id` int(11) NOT NULL AUTO_INCREMENT, AUTO_INCREMENT=8;
--
-- AUTO_INCREMENT for table `st_reserve`
--
ALTER TABLE `st_reserve`
  MODIFY `id` int(11) NOT NULL AUTO_INCREMENT;
--
-- AUTO_INCREMENT for table `st_users`
--
ALTER TABLE `st_users`
  MODIFY `id` int(11) NOT NULL AUTO_INCREMENT, AUTO_INCREMENT=46;
/*!40101 SET CHARACTER_SET_CLIENT=@OLD_CHARACTER_SET_CLIENT */;
/*!40101 SET CHARACTER_SET_RESULTS=@OLD_CHARACTER_SET_RESULTS */;
/*!40101 SET COLLATION_CONNECTION=@OLD_COLLATION_CONNECTION */;
